ExperimentGisID,FieldSheetID,Region,LocalityName,LocalityCode,Treatment,_Date,Plot,Taxa,CervidaeFunction,Height_cm,Height_class_50cm,Diameter_at_base_mm,Diameter_at_150cm_mm,Quantity
74,4205,Telemark,Drangedal3,3DRUB,UB,5/24/19,ØH,Betula pubescens (Bjørk),Resten,,2,,,3
74,4205,Telemark,Drangedal3,3DRUB,UB,5/24/19,ØH,Pinus sylvestris (Furu),Resten,,1,,,2
74,4205,Telemark,Drangedal3,3DRUB,UB,5/24/19,ØH,Pinus sylvestris (Furu),Resten,,2,,,1
74,4206,Telemark,Drangedal3,3DRUB,UB,5/24/19,ØV,Picea abies (Gran),Bad tree,,1,,,4
74,4206,Telemark,Drangedal3,3DRUB,UB,5/24/19,ØV,Pinus sylvestris (Furu),Resten,,1,,,3
74,4206,Telemark,Drangedal3,3DRUB,UB,5/24/19,ØV,Sorbus aucuparia (Rogn),ROS,,5,,,1
74,4206,Telemark,Drangedal3,3DRUB,UB,5/24/19,ØV,Sorbus aucuparia (Rogn),ROS,,4,,,1
71,4207,Telemark,Drangedal4,4DRB,B,5/28/19,NH,Betula pubescens (Bjørk),Resten,,1,,,5
71,4207,Telemark,Drangedal4,4DRB,B,5/28/19,NH,Betula pubescens (Bjørk),Resten,,2,,,5
71,4207,Telemark,Drangedal4,4DRB,B,5/28/19,NH,Betula pubescens (Bjørk),Resten,,5,,,1
71,4207,Telemark,Drangedal4,4DRB,B,5/28/19,NH,Betula pubescens (Bjørk),Resten,,3,,,1
71,4207,Telemark,Drangedal4,4DRB,B,5/28/19,NH,Picea abies (Gran),Bad tree,,2,,,1
71,4207,Telemark,Drangedal4,4DRB,B,5/28/19,NH,Picea abies (Gran),Bad tree,,6,,,1
71,4207,Telemark,Drangedal4,4DRB,B,5/28/19,NH,Pinus sylvestris (Furu),Resten,,3,,,1
71,4207,Telemark,Drangedal4,4DRB,B,5/28/19,NH,Pinus sylvestris (Furu),Resten,,1,,,1
71,4207,Telemark,Drangedal4,4DRB,B,5/28/19,NH,Populus tremula (Osp),ROS,,4,,,4
71,4207,Telemark,Drangedal4,4DRB,B,5/28/19,NH,Populus tremula (Osp),ROS,,2,,,9
71,4207,Telemark,Drangedal4,4DRB,B,5/28/19,NH,Populus tremula (Osp),ROS,,1,,,8
71,4207,Telemark,Drangedal4,4DRB,B,5/28/19,NH,Populus tremula (Osp),ROS,,3,,,7
71,4207,Telemark,Drangedal4,4DRB,B,5/28/19,NH,Sorbus aucuparia (Rogn),ROS,,1,,,10
71,4207,Telemark,Drangedal4,4DRB,B,5/28/19,NH,Sorbus aucuparia (Rogn),ROS,,2,,,13
71,4208,Telemark,Drangedal4,4DRB,B,5/28/19,NV,Betula pubescens (Bjørk),Resten,,3,,,3
71,4208,Telemark,Drangedal4,4DRB,B,5/28/19,NV,Betula pubescens (Bjørk),Resten,,1,,,8
71,4208,Telemark,Drangedal4,4DRB,B,5/28/19,NV,Betula pubescens (Bjørk),Resten,,2,,,16
71,4208,Telemark,Drangedal4,4DRB,B,5/28/19,NV,Picea abies (Gran),Bad tree,,4,,,2
71,4208,Telemark,Drangedal4,4DRB,B,5/28/19,NV,Picea abies (Gran),Bad tree,,1,,,1
71,4208,Telemark,Drangedal4,4DRB,B,5/28/19,NV,Picea abies (Gran),Bad tree,,3,,,1
71,4208,Telemark,Drangedal4,4DRB,B,5/28/19,NV,Populus tremula (Osp),ROS,,1,,,2
71,4208,Telemark,Drangedal4,4DRB,B,5/28/19,NV,Populus tremula (Osp),ROS,,3,,,4
71,4208,Telemark,Drangedal4,4DRB,B,5/28/19,NV,Populus tremula (Osp),ROS,,2,,,10
71,4208,Telemark,Drangedal4,4DRB,B,5/28/19,NV,Sorbus aucuparia (Rogn),ROS,,2,,,5
71,4208,Telemark,Drangedal4,4DRB,B,5/28/19,NV,Sorbus aucuparia (Rogn),ROS,,1,,,5
71,4209,Telemark,Drangedal4,4DRB,B,5/28/19,ØH,Betula pubescens (Bjørk),Resten,,2,,,6
71,4209,Telemark,Drangedal4,4DRB,B,5/28/19,ØH,Betula pubescens (Bjørk),Resten,,6,,,2
71,4209,Telemark,Drangedal4,4DRB,B,5/28/19,ØH,Betula pubescens (Bjørk),Resten,,5,,,2
74,4204,Telemark,Drangedal3,3DRUB,UB,5/24/19,NV,Betula pubescens (Bjørk),Resten,,1,,,1
74,4204,Telemark,Drangedal3,3DRUB,UB,5/24/19,NV,Betula pubescens (Bjørk),Resten,,3,,,2
74,4204,Telemark,Drangedal3,3DRUB,UB,5/24/19,NV,Betula pubescens (Bjørk),Resten,,2,,,3
74,4204,Telemark,Drangedal3,3DRUB,UB,5/24/19,NV,Picea abies (Gran),Bad tree,,1,,,1
74,4204,Telemark,Drangedal3,3DRUB,UB,5/24/19,NV,Pinus sylvestris (Furu),Resten,,3,,,2
74,4205,Telemark,Drangedal3,3DRUB,UB,5/24/19,ØH,Betula pubescens (Bjørk),Resten,,3,,,4
74,4205,Telemark,Drangedal3,3DRUB,UB,5/24/19,ØH,Betula pubescens (Bjørk),Resten,,3,,,1
71,4210,Telemark,Drangedal4,4DRB,B,5/28/19,ØV,Sorbus aucuparia (Rogn),ROS,,2,,,5
72,4211,Telemark,Drangedal4,4DRUB,UB,5/28/19,NH,Betula pubescens (Bjørk),Resten,,7,,,4
72,4211,Telemark,Drangedal4,4DRUB,UB,5/28/19,NH,Picea abies (Gran),Bad tree,,3,,,1
72,4211,Telemark,Drangedal4,4DRUB,UB,5/28/19,NH,Populus tremula (Osp),ROS,,7,,,7
72,4211,Telemark,Drangedal4,4DRUB,UB,5/28/19,NH,Populus tremula (Osp),ROS,,5,,,1
72,4211,Telemark,Drangedal4,4DRUB,UB,5/28/19,NH,Populus tremula (Osp),ROS,,4,,,1
72,4211,Telemark,Drangedal4,4DRUB,UB,5/28/19,NH,Populus tremula (Osp),ROS,,3,,,1
72,4211,Telemark,Drangedal4,4DRUB,UB,5/28/19,NH,Populus tremula (Osp),ROS,,2,,,1
72,4211,Telemark,Drangedal4,4DRUB,UB,5/28/19,NH,Sorbus aucuparia (Rogn),ROS,,5,,,1
72,4211,Telemark,Drangedal4,4DRUB,UB,5/28/19,NH,Sorbus aucuparia (Rogn),ROS,,7,,,10
72,4211,Telemark,Drangedal4,4DRUB,UB,5/28/19,NH,Sorbus aucuparia (Rogn),ROS,,4,,,1
72,4211,Telemark,Drangedal4,4DRUB,UB,5/28/19,NH,Sorbus aucuparia (Rogn),ROS,,3,,,3
72,4211,Telemark,Drangedal4,4DRUB,UB,5/28/19,NH,Sorbus aucuparia (Rogn),ROS,,1,,,2
72,4212,Telemark,Drangedal4,4DRUB,UB,5/28/19,NV,Betula pubescens (Bjørk),Resten,,3,,,1
72,4212,Telemark,Drangedal4,4DRUB,UB,5/28/19,NV,Betula pubescens (Bjørk),Resten,,2,,,2
72,4212,Telemark,Drangedal4,4DRUB,UB,5/28/19,NV,Betula pubescens (Bjørk),Resten,,1,,,1
72,4212,Telemark,Drangedal4,4DRUB,UB,5/28/19,NV,Betula pubescens (Bjørk),Resten,,7,,,3
72,4212,Telemark,Drangedal4,4DRUB,UB,5/28/19,NV,Picea abies (Gran),Bad tree,,6,,,1
72,4212,Telemark,Drangedal4,4DRUB,UB,5/28/19,NV,Picea abies (Gran),Bad tree,,7,,,1
72,4212,Telemark,Drangedal4,4DRUB,UB,5/28/19,NV,Picea abies (Gran),Bad tree,,3,,,1
72,4212,Telemark,Drangedal4,4DRUB,UB,5/28/19,NV,Populus tremula (Osp),ROS,,1,,,1
72,4212,Telemark,Drangedal4,4DRUB,UB,5/28/19,NV,Populus tremula (Osp),ROS,,2,,,1
72,4212,Telemark,Drangedal4,4DRUB,UB,5/28/19,NV,Populus tremula (Osp),ROS,,4,,,4
72,4212,Telemark,Drangedal4,4DRUB,UB,5/28/19,NV,Populus tremula (Osp),ROS,,3,,,1
72,4212,Telemark,Drangedal4,4DRUB,UB,5/28/19,NV,Populus tremula (Osp),ROS,,7,,,10
72,4212,Telemark,Drangedal4,4DRUB,UB,5/28/19,NV,Populus tremula (Osp),ROS,,6,,,3
72,4212,Telemark,Drangedal4,4DRUB,UB,5/28/19,NV,Populus tremula (Osp),ROS,,5,,,1
72,4212,Telemark,Drangedal4,4DRUB,UB,5/28/19,NV,Sorbus aucuparia (Rogn),ROS,,3,,,1
72,4212,Telemark,Drangedal4,4DRUB,UB,5/28/19,NV,Sorbus aucuparia (Rogn),ROS,,5,,,1
72,4212,Telemark,Drangedal4,4DRUB,UB,5/28/19,NV,Sorbus aucuparia (Rogn),ROS,,4,,,1
72,4212,Telemark,Drangedal4,4DRUB,UB,5/28/19,NV,Sorbus aucuparia (Rogn),ROS,,2,,,4
72,4212,Telemark,Drangedal4,4DRUB,UB,5/28/19,NV,Sorbus aucuparia (Rogn),ROS,,7,,,3
72,4212,Telemark,Drangedal4,4DRUB,UB,5/28/19,NV,Sorbus aucuparia (Rogn),ROS,,1,,,2
72,4213,Telemark,Drangedal4,4DRUB,UB,5/28/19,ØH,Betula pubescens (Bjørk),Resten,,2,,,2
72,4213,Telemark,Drangedal4,4DRUB,UB,5/28/19,ØH,Betula pubescens (Bjørk),Resten,,5,,,1
72,4213,Telemark,Drangedal4,4DRUB,UB,5/28/19,ØH,Picea abies (Gran),Bad tree,,6,,,1
72,4213,Telemark,Drangedal4,4DRUB,UB,5/28/19,ØH,Populus tremula (Osp),ROS,,6,,,1
72,4213,Telemark,Drangedal4,4DRUB,UB,5/28/19,ØH,Populus tremula (Osp),ROS,,7,,,8
72,4213,Telemark,Drangedal4,4DRUB,UB,5/28/19,ØH,Populus tremula (Osp),ROS,,3,,,3
72,4213,Telemark,Drangedal4,4DRUB,UB,5/28/19,ØH,Populus tremula (Osp),ROS,,4,,,4
72,4213,Telemark,Drangedal4,4DRUB,UB,5/28/19,ØH,Populus tremula (Osp),ROS,,5,,,1
72,4213,Telemark,Drangedal4,4DRUB,UB,5/28/19,ØH,Sorbus aucuparia (Rogn),ROS,,7,,,5
72,4213,Telemark,Drangedal4,4DRUB,UB,5/28/19,ØH,Sorbus aucuparia (Rogn),ROS,,3,,,4
72,4213,Telemark,Drangedal4,4DRUB,UB,5/28/19,ØH,Sorbus aucuparia (Rogn),ROS,,1,,,1
72,4213,Telemark,Drangedal4,4DRUB,UB,5/28/19,ØH,Sorbus aucuparia (Rogn),ROS,,4,,,2
72,4213,Telemark,Drangedal4,4DRUB,UB,5/28/19,ØH,Sorbus aucuparia (Rogn),ROS,,2,,,1
72,4213,Telemark,Drangedal4,4DRUB,UB,5/28/19,ØH,Sorbus aucuparia (Rogn),ROS,,6,,,2
72,4214,Telemark,Drangedal4,4DRUB,UB,5/28/19,ØV,Betula pubescens (Bjørk),Resten,,7,,,3
72,4214,Telemark,Drangedal4,4DRUB,UB,5/28/19,ØV,Betula pubescens (Bjørk),Resten,,2,,,1
71,4209,Telemark,Drangedal4,4DRB,B,5/28/19,ØH,Betula pubescens (Bjørk),Resten,,4,,,3
71,4209,Telemark,Drangedal4,4DRB,B,5/28/19,ØH,Betula pubescens (Bjørk),Resten,,3,,,9
71,4209,Telemark,Drangedal4,4DRB,B,5/28/19,ØH,Betula pubescens (Bjørk),Resten,,7,,,5
71,4209,Telemark,Drangedal4,4DRB,B,5/28/19,ØH,Picea abies (Gran),Bad tree,,2,,,1
71,4209,Telemark,Drangedal4,4DRB,B,5/28/19,ØH,Populus tremula (Osp),ROS,,4,,,7
71,4209,Telemark,Drangedal4,4DRB,B,5/28/19,ØH,Populus tremula (Osp),ROS,,2,,,13
71,4209,Telemark,Drangedal4,4DRB,B,5/28/19,ØH,Populus tremula (Osp),ROS,,3,,,13
71,4209,Telemark,Drangedal4,4DRB,B,5/28/19,ØH,Populus tremula (Osp),ROS,,5,,,2
71,4209,Telemark,Drangedal4,4DRB,B,5/28/19,ØH,Populus tremula (Osp),ROS,,1,,,1
71,4209,Telemark,Drangedal4,4DRB,B,5/28/19,ØH,Sorbus aucuparia (Rogn),ROS,,3,,,3
71,4209,Telemark,Drangedal4,4DRB,B,5/28/19,ØH,Sorbus aucuparia (Rogn),ROS,,2,,,7
71,4209,Telemark,Drangedal4,4DRB,B,5/28/19,ØH,Sorbus aucuparia (Rogn),ROS,,1,,,2
71,4210,Telemark,Drangedal4,4DRB,B,5/28/19,ØV,Betula pubescens (Bjørk),Resten,,3,,,4
71,4210,Telemark,Drangedal4,4DRB,B,5/28/19,ØV,Betula pubescens (Bjørk),Resten,,1,,,5
71,4210,Telemark,Drangedal4,4DRB,B,5/28/19,ØV,Betula pubescens (Bjørk),Resten,,2,,,7
71,4210,Telemark,Drangedal4,4DRB,B,5/28/19,ØV,Betula pubescens (Bjørk),Resten,,4,,,3
71,4210,Telemark,Drangedal4,4DRB,B,5/28/19,ØV,Juniperus communis (Einer),Bad tree,,2,,,1
71,4210,Telemark,Drangedal4,4DRB,B,5/28/19,ØV,Populus tremula (Osp),ROS,,2,,,23
71,4210,Telemark,Drangedal4,4DRB,B,5/28/19,ØV,Populus tremula (Osp),ROS,,1,,,11
71,4210,Telemark,Drangedal4,4DRB,B,5/28/19,ØV,Populus tremula (Osp),ROS,,3,,,5
71,4210,Telemark,Drangedal4,4DRB,B,5/28/19,ØV,Sorbus aucuparia (Rogn),ROS,,1,,,5
69,4191,Telemark,Drangedal1,1DRB,B,5/27/19,NH,Betula pubescens (Bjørk),Resten,,3,,,10
69,4191,Telemark,Drangedal1,1DRB,B,5/27/19,NH,Betula pubescens (Bjørk),Resten,,2,,,8
69,4191,Telemark,Drangedal1,1DRB,B,5/27/19,NH,Betula pubescens (Bjørk),Resten,,4,,,2
69,4191,Telemark,Drangedal1,1DRB,B,5/27/19,NH,Betula pubescens (Bjørk),Resten,,1,,,1
69,4191,Telemark,Drangedal1,1DRB,B,5/27/19,NH,Picea abies (Gran),Bad tree,,3,,,2
69,4191,Telemark,Drangedal1,1DRB,B,5/27/19,NH,Picea abies (Gran),Bad tree,,4,,,1
69,4191,Telemark,Drangedal1,1DRB,B,5/27/19,NH,Picea abies (Gran),Bad tree,,2,,,1
69,4191,Telemark,Drangedal1,1DRB,B,5/27/19,NH,Picea abies (Gran),Bad tree,,1,,,1
69,4191,Telemark,Drangedal1,1DRB,B,5/27/19,NH,Pinus sylvestris (Furu),Resten,,6,,,1
69,4191,Telemark,Drangedal1,1DRB,B,5/27/19,NH,Pinus sylvestris (Furu),Resten,,1,,,2
69,4192,Telemark,Drangedal1,1DRB,B,5/27/19,NV,Betula pubescens (Bjørk),Resten,,3,,,1
69,4192,Telemark,Drangedal1,1DRB,B,5/27/19,NV,Betula pubescens (Bjørk),Resten,,4,,,1
69,4192,Telemark,Drangedal1,1DRB,B,5/27/19,NV,Betula pubescens (Bjørk),Resten,,1,,,2
69,4192,Telemark,Drangedal1,1DRB,B,5/27/19,NV,Betula pubescens (Bjørk),Resten,,2,,,3
69,4192,Telemark,Drangedal1,1DRB,B,5/27/19,NV,Picea abies (Gran),Bad tree,,1,,,1
69,4192,Telemark,Drangedal1,1DRB,B,5/27/19,NV,Picea abies (Gran),Bad tree,,2,,,3
69,4192,Telemark,Drangedal1,1DRB,B,5/27/19,NV,Picea abies (Gran),Bad tree,,5,,,1
69,4192,Telemark,Drangedal1,1DRB,B,5/27/19,NV,Pinus sylvestris (Furu),Resten,,7,,,1
69,4192,Telemark,Drangedal1,1DRB,B,5/27/19,NV,Pinus sylvestris (Furu),Resten,,4,,,2
69,4193,Telemark,Drangedal1,1DRB,B,5/27/19,ØH,Betula pubescens (Bjørk),Resten,,1,,,1
69,4193,Telemark,Drangedal1,1DRB,B,5/27/19,ØH,Betula pubescens (Bjørk),Resten,,2,,,2
69,4193,Telemark,Drangedal1,1DRB,B,5/27/19,ØH,Betula pubescens (Bjørk),Resten,,6,,,1
69,4193,Telemark,Drangedal1,1DRB,B,5/27/19,ØH,Picea abies (Gran),Bad tree,,3,,,1
69,4193,Telemark,Drangedal1,1DRB,B,5/27/19,ØH,Picea abies (Gran),Bad tree,,2,,,2
69,4193,Telemark,Drangedal1,1DRB,B,5/27/19,ØH,Pinus sylvestris (Furu),Resten,,3,,,1
69,4193,Telemark,Drangedal1,1DRB,B,5/27/19,ØH,Pinus sylvestris (Furu),Resten,,4,,,1
69,4193,Telemark,Drangedal1,1DRB,B,5/27/19,ØH,Pinus sylvestris (Furu),Resten,,7,,,2
69,4193,Telemark,Drangedal1,1DRB,B,5/27/19,ØH,Pinus sylvestris (Furu),Resten,,6,,,1
69,4194,Telemark,Drangedal1,1DRB,B,5/27/19,ØV,Betula pubescens (Bjørk),Resten,,1,,,1
69,4194,Telemark,Drangedal1,1DRB,B,5/27/19,ØV,Picea abies (Gran),Bad tree,,1,,,4
69,4194,Telemark,Drangedal1,1DRB,B,5/27/19,ØV,Picea abies (Gran),Bad tree,,2,,,4
69,4194,Telemark,Drangedal1,1DRB,B,5/27/19,ØV,Picea abies (Gran),Bad tree,,1,,,4
69,4194,Telemark,Drangedal1,1DRB,B,5/27/19,ØV,Pinus sylvestris (Furu),Resten,,1,,,5
69,4194,Telemark,Drangedal1,1DRB,B,5/27/19,ØV,Pinus sylvestris (Furu),Resten,,2,,,1
69,4194,Telemark,Drangedal1,1DRB,B,5/27/19,ØV,Pinus sylvestris (Furu),Resten,,6,,,2
69,4194,Telemark,Drangedal1,1DRB,B,5/27/19,ØV,Sorbus aucuparia (Rogn),ROS,,2,,,2
69,4194,Telemark,Drangedal1,1DRB,B,5/27/19,ØV,Sorbus aucuparia (Rogn),ROS,,1,,,2
70,4195,Telemark,Drangedal1,1DRUB,UB,5/27/19,NH,Picea abies (Gran),Bad tree,,2,,,1
70,4195,Telemark,Drangedal1,1DRUB,UB,5/27/19,NH,Sorbus aucuparia (Rogn),ROS,,6,,,1
70,4195,Telemark,Drangedal1,1DRUB,UB,5/27/19,NH,Sorbus aucuparia (Rogn),ROS,,5,,,3
70,4195,Telemark,Drangedal1,1DRUB,UB,5/27/19,NH,Sorbus aucuparia (Rogn),ROS,,3,,,2
70,4196,Telemark,Drangedal1,1DRUB,UB,5/27/19,NV,Betula pubescens (Bjørk),Resten,,1,,,2
70,4196,Telemark,Drangedal1,1DRUB,UB,5/27/19,NV,Betula pubescens (Bjørk),Resten,,2,,,1
70,4196,Telemark,Drangedal1,1DRUB,UB,5/27/19,NV,Picea abies (Gran),Bad tree,,6,,,1
70,4196,Telemark,Drangedal1,1DRUB,UB,5/27/19,NV,Picea abies (Gran),Bad tree,,1,,,1
70,4196,Telemark,Drangedal1,1DRUB,UB,5/27/19,NV,Picea abies (Gran),Bad tree,,2,,,2
70,4196,Telemark,Drangedal1,1DRUB,UB,5/27/19,NV,Populus tremula (Osp),ROS,,2,,,2
70,4196,Telemark,Drangedal1,1DRUB,UB,5/27/19,NV,Sorbus aucuparia (Rogn),ROS,,5,,,2
70,4196,Telemark,Drangedal1,1DRUB,UB,5/27/19,NV,Sorbus aucuparia (Rogn),ROS,,2,,,1
70,4196,Telemark,Drangedal1,1DRUB,UB,5/27/19,NV,Sorbus aucuparia (Rogn),ROS,,3,,,1
70,4197,Telemark,Drangedal1,1DRUB,UB,5/27/19,ØH,Betula pubescens (Bjørk),Resten,,6,,,1
70,4197,Telemark,Drangedal1,1DRUB,UB,5/27/19,ØH,Picea abies (Gran),Bad tree,,2,,,1
70,4197,Telemark,Drangedal1,1DRUB,UB,5/27/19,ØH,Picea abies (Gran),Bad tree,,5,,,1
70,4197,Telemark,Drangedal1,1DRUB,UB,5/27/19,ØH,Sorbus aucuparia (Rogn),ROS,,3,,,3
70,4197,Telemark,Drangedal1,1DRUB,UB,5/27/19,ØH,Sorbus aucuparia (Rogn),ROS,,5,,,2
70,4197,Telemark,Drangedal1,1DRUB,UB,5/27/19,ØH,Sorbus aucuparia (Rogn),ROS,,1,,,1
70,4197,Telemark,Drangedal1,1DRUB,UB,5/27/19,ØH,Sorbus aucuparia (Rogn),ROS,,4,,,1
70,4197,Telemark,Drangedal1,1DRUB,UB,5/27/19,ØH,Sorbus aucuparia (Rogn),ROS,,2,,,5
70,4198,Telemark,Drangedal1,1DRUB,UB,5/27/19,ØV,Betula pubescens (Bjørk),Resten,,6,,,1
70,4198,Telemark,Drangedal1,1DRUB,UB,5/27/19,ØV,Betula pubescens (Bjørk),Resten,,1,,,2
70,4198,Telemark,Drangedal1,1DRUB,UB,5/27/19,ØV,Betula pubescens (Bjørk),Resten,,2,,,1
70,4198,Telemark,Drangedal1,1DRUB,UB,5/27/19,ØV,Picea abies (Gran),Bad tree,,4,,,1
70,4198,Telemark,Drangedal1,1DRUB,UB,5/27/19,ØV,Picea abies (Gran),Bad tree,,6,,,2
70,4198,Telemark,Drangedal1,1DRUB,UB,5/27/19,ØV,Picea abies (Gran),Bad tree,,2,,,2
70,4198,Telemark,Drangedal1,1DRUB,UB,5/27/19,ØV,Picea abies (Gran),Bad tree,,3,,,1
70,4198,Telemark,Drangedal1,1DRUB,UB,5/27/19,ØV,Picea abies (Gran),Bad tree,,5,,,1
70,4198,Telemark,Drangedal1,1DRUB,UB,5/27/19,ØV,Picea abies (Gran),Bad tree,,1,,,2
70,4198,Telemark,Drangedal1,1DRUB,UB,5/27/19,ØV,Pinus sylvestris (Furu),Resten,,7,,,1
70,4198,Telemark,Drangedal1,1DRUB,UB,5/27/19,ØV,Salix caprea (Selje),ROS,,1,,,1
70,4198,Telemark,Drangedal1,1DRUB,UB,5/27/19,ØV,Sorbus aucuparia (Rogn),ROS,,4,,,5
70,4198,Telemark,Drangedal1,1DRUB,UB,5/27/19,ØV,Sorbus aucuparia (Rogn),ROS,,3,,,2
70,4198,Telemark,Drangedal1,1DRUB,UB,5/27/19,ØV,Sorbus aucuparia (Rogn),ROS,,6,,,2
70,4198,Telemark,Drangedal1,1DRUB,UB,5/27/19,ØV,Sorbus aucuparia (Rogn),ROS,,2,,,1
70,4198,Telemark,Drangedal1,1DRUB,UB,5/27/19,ØV,Sorbus aucuparia (Rogn),ROS,,1,,,2
70,4198,Telemark,Drangedal1,1DRUB,UB,5/27/19,ØV,Sorbus aucuparia (Rogn),ROS,,5,,,4
73,4199,Telemark,Drangedal3,3DRB,B,5/24/19,NH,Betula pubescens (Bjørk),Resten,,1,,,9
73,4199,Telemark,Drangedal3,3DRB,B,5/24/19,NH,Betula pubescens (Bjørk),Resten,,2,,,1
73,4199,Telemark,Drangedal3,3DRB,B,5/24/19,NH,Pinus sylvestris (Furu),Resten,,1,,,5
73,4200,Telemark,Drangedal3,3DRB,B,5/24/19,NV,Pinus sylvestris (Furu),Resten,,1,,,1
73,4202,Telemark,Drangedal3,3DRB,B,5/24/19,ØH,Pinus sylvestris (Furu),Resten,,1,,,1
73,4201,Telemark,Drangedal3,3DRB,B,5/24/19,ØV,Betula pubescens (Bjørk),Resten,,1,,,7
73,4201,Telemark,Drangedal3,3DRB,B,5/24/19,ØV,Betula pubescens (Bjørk),Resten,,2,,,1
73,4201,Telemark,Drangedal3,3DRB,B,5/24/19,ØV,Pinus sylvestris (Furu),Resten,,2,,,1
73,4201,Telemark,Drangedal3,3DRB,B,5/24/19,ØV,Pinus sylvestris (Furu),Resten,,1,,,3
74,4203,Telemark,Drangedal3,3DRUB,UB,5/24/19,NH,Betula pubescens (Bjørk),Resten,,7,,,1
74,4203,Telemark,Drangedal3,3DRUB,UB,5/24/19,NH,Betula pubescens (Bjørk),Resten,,2,,,2
74,4203,Telemark,Drangedal3,3DRUB,UB,5/24/19,NH,Betula pubescens (Bjørk),Resten,,3,,,3
74,4203,Telemark,Drangedal3,3DRUB,UB,5/24/19,NH,Betula pubescens (Bjørk),Resten,,4,,,2
74,4203,Telemark,Drangedal3,3DRUB,UB,5/24/19,NH,Betula pubescens (Bjørk),Resten,,5,,,1
74,4203,Telemark,Drangedal3,3DRUB,UB,5/24/19,NH,Pinus sylvestris (Furu),Resten,,2,,,1
74,4203,Telemark,Drangedal3,3DRUB,UB,5/24/19,NH,Sorbus aucuparia (Rogn),ROS,,2,,,1
72,4214,Telemark,Drangedal4,4DRUB,UB,5/28/19,ØV,Betula pubescens (Bjørk),Resten,,5,,,1
72,4214,Telemark,Drangedal4,4DRUB,UB,5/28/19,ØV,Betula pubescens (Bjørk),Resten,,1,,,1
72,4214,Telemark,Drangedal4,4DRUB,UB,5/28/19,ØV,Betula pubescens (Bjørk),Resten,,4,,,1
72,4214,Telemark,Drangedal4,4DRUB,UB,5/28/19,ØV,Picea abies (Gran),Bad tree,,5,,,1
72,4214,Telemark,Drangedal4,4DRUB,UB,5/28/19,ØV,Picea abies (Gran),Bad tree,,3,,,1
72,4214,Telemark,Drangedal4,4DRUB,UB,5/28/19,ØV,Populus tremula (Osp),ROS,,7,,,5
72,4214,Telemark,Drangedal4,4DRUB,UB,5/28/19,ØV,Populus tremula (Osp),ROS,,4,,,1
72,4214,Telemark,Drangedal4,4DRUB,UB,5/28/19,ØV,Populus tremula (Osp),ROS,,6,,,1
72,4214,Telemark,Drangedal4,4DRUB,UB,5/28/19,ØV,Populus tremula (Osp),ROS,,2,,,5
72,4214,Telemark,Drangedal4,4DRUB,UB,5/28/19,ØV,Populus tremula (Osp),ROS,,5,,,1
72,4214,Telemark,Drangedal4,4DRUB,UB,5/28/19,ØV,Quercus sp_ (Eik),Resten,,2,,,1
72,4214,Telemark,Drangedal4,4DRUB,UB,5/28/19,ØV,Sorbus aucuparia (Rogn),ROS,,3,,,1
72,4214,Telemark,Drangedal4,4DRUB,UB,5/28/19,ØV,Sorbus aucuparia (Rogn),ROS,,1,,,2
72,4214,Telemark,Drangedal4,4DRUB,UB,5/28/19,ØV,Sorbus aucuparia (Rogn),ROS,,5,,,4
72,4214,Telemark,Drangedal4,4DRUB,UB,5/28/19,ØV,Sorbus aucuparia (Rogn),ROS,,2,,,1
72,4214,Telemark,Drangedal4,4DRUB,UB,5/28/19,ØV,Sorbus aucuparia (Rogn),ROS,,7,,,5
72,4214,Telemark,Drangedal4,4DRUB,UB,5/28/19,ØV,Sorbus aucuparia (Rogn),ROS,,6,,,3
53,4215,Telemark,Fritsøe1,1FRB,B,6/18/19,NH,Betula pubescens (Bjørk),Resten,,1,,,1
53,4215,Telemark,Fritsøe1,1FRB,B,6/18/19,NH,Picea abies (Gran),Bad tree,,6,,,1
53,4215,Telemark,Fritsøe1,1FRB,B,6/18/19,NH,Picea abies (Gran),Bad tree,,1,,,3
53,4215,Telemark,Fritsøe1,1FRB,B,6/18/19,NH,Picea abies (Gran),Bad tree,,4,,,1
53,4215,Telemark,Fritsøe1,1FRB,B,6/18/19,NH,Pinus sylvestris (Furu),Resten,,6,,,1
53,4215,Telemark,Fritsøe1,1FRB,B,6/18/19,NH,Pinus sylvestris (Furu),Resten,,5,,,1
53,4215,Telemark,Fritsøe1,1FRB,B,6/18/19,NH,Sorbus aucuparia (Rogn),ROS,,1,,,2
53,4216,Telemark,Fritsøe1,1FRB,B,6/18/19,NV,Picea abies (Gran),Bad tree,,4,,,1
53,4216,Telemark,Fritsøe1,1FRB,B,6/18/19,NV,Picea abies (Gran),Bad tree,,7,,,1
53,4216,Telemark,Fritsøe1,1FRB,B,6/18/19,NV,Picea abies (Gran),Bad tree,,2,,,1
53,4216,Telemark,Fritsøe1,1FRB,B,6/18/19,NV,Picea abies (Gran),Bad tree,,3,,,1
53,4216,Telemark,Fritsøe1,1FRB,B,6/18/19,NV,Pinus sylvestris (Furu),Resten,,4,,,1
53,4216,Telemark,Fritsøe1,1FRB,B,6/18/19,NV,Sorbus aucuparia (Rogn),ROS,,1,,,1
53,4218,Telemark,Fritsøe1,1FRB,B,6/18/19,ØH,Betula pubescens (Bjørk),Resten,,2,,,1
53,4218,Telemark,Fritsøe1,1FRB,B,6/18/19,ØH,Betula pubescens (Bjørk),Resten,,1,,,1
53,4218,Telemark,Fritsøe1,1FRB,B,6/18/19,ØH,Picea abies (Gran),Bad tree,,1,,,1
53,4218,Telemark,Fritsøe1,1FRB,B,6/18/19,ØH,Picea abies (Gran),Bad tree,,3,,,2
53,4218,Telemark,Fritsøe1,1FRB,B,6/18/19,ØH,Picea abies (Gran),Bad tree,,7,,,1
53,4217,Telemark,Fritsøe1,1FRB,B,6/18/19,ØV,Picea abies (Gran),Bad tree,,1,,,2
53,4217,Telemark,Fritsøe1,1FRB,B,6/18/19,ØV,Sorbus aucuparia (Rogn),ROS,,1,,,1
54,4219,Telemark,Fritsøe1,1FRUB,UB,6/18/19,NH,Betula pubescens (Bjørk),Resten,,7,,,2
54,4219,Telemark,Fritsøe1,1FRUB,UB,6/18/19,NH,Betula pubescens (Bjørk),Resten,,5,,,4
54,4219,Telemark,Fritsøe1,1FRUB,UB,6/18/19,NH,Betula pubescens (Bjørk),Resten,,3,,,7
54,4219,Telemark,Fritsøe1,1FRUB,UB,6/18/19,NH,Betula pubescens (Bjørk),Resten,,2,,,4
54,4219,Telemark,Fritsøe1,1FRUB,UB,6/18/19,NH,Betula pubescens (Bjørk),Resten,,1,,,3
54,4219,Telemark,Fritsøe1,1FRUB,UB,6/18/19,NH,Betula pubescens (Bjørk),Resten,,4,,,4
54,4219,Telemark,Fritsøe1,1FRUB,UB,6/18/19,NH,Picea abies (Gran),Bad tree,,1,,,4
54,4219,Telemark,Fritsøe1,1FRUB,UB,6/18/19,NH,Picea abies (Gran),Bad tree,,2,,,6
54,4219,Telemark,Fritsøe1,1FRUB,UB,6/18/19,NH,Picea abies (Gran),Bad tree,,7,,,2
54,4219,Telemark,Fritsøe1,1FRUB,UB,6/18/19,NH,Picea abies (Gran),Bad tree,,4,,,2
54,4219,Telemark,Fritsøe1,1FRUB,UB,6/18/19,NH,Pinus sylvestris (Furu),Resten,,2,,,1
54,4219,Telemark,Fritsøe1,1FRUB,UB,6/18/19,NH,Pinus sylvestris (Furu),Resten,,3,,,1
54,4219,Telemark,Fritsøe1,1FRUB,UB,6/18/19,NH,Pinus sylvestris (Furu),Resten,,7,,,1
54,4219,Telemark,Fritsøe1,1FRUB,UB,6/18/19,NH,Sorbus aucuparia (Rogn),ROS,,6,,,1
54,4219,Telemark,Fritsøe1,1FRUB,UB,6/18/19,NH,Sorbus aucuparia (Rogn),ROS,,4,,,2
54,4219,Telemark,Fritsøe1,1FRUB,UB,6/18/19,NH,Sorbus aucuparia (Rogn),ROS,,7,,,1
54,4219,Telemark,Fritsøe1,1FRUB,UB,6/18/19,NH,Sorbus aucuparia (Rogn),ROS,,2,,,1
54,4220,Telemark,Fritsøe1,1FRUB,UB,6/18/19,NV,Betula pubescens (Bjørk),Resten,,3,,,4
54,4220,Telemark,Fritsøe1,1FRUB,UB,6/18/19,NV,Betula pubescens (Bjørk),Resten,,2,,,13
54,4220,Telemark,Fritsøe1,1FRUB,UB,6/18/19,NV,Betula pubescens (Bjørk),Resten,,6,,,1
54,4220,Telemark,Fritsøe1,1FRUB,UB,6/18/19,NV,Betula pubescens (Bjørk),Resten,,5,,,2
54,4220,Telemark,Fritsøe1,1FRUB,UB,6/18/19,NV,Betula pubescens (Bjørk),Resten,,1,,,8
54,4220,Telemark,Fritsøe1,1FRUB,UB,6/18/19,NV,Picea abies (Gran),Bad tree,,4,,,1
54,4220,Telemark,Fritsøe1,1FRUB,UB,6/18/19,NV,Picea abies (Gran),Bad tree,,1,,,4
54,4220,Telemark,Fritsøe1,1FRUB,UB,6/18/19,NV,Picea abies (Gran),Bad tree,,7,,,2
54,4220,Telemark,Fritsøe1,1FRUB,UB,6/18/19,NV,Pinus sylvestris (Furu),Resten,,4,,,1
54,4220,Telemark,Fritsøe1,1FRUB,UB,6/18/19,NV,Pinus sylvestris (Furu),Resten,,2,,,2
54,4220,Telemark,Fritsøe1,1FRUB,UB,6/18/19,NV,Pinus sylvestris (Furu),Resten,,5,,,1
54,4220,Telemark,Fritsøe1,1FRUB,UB,6/18/19,NV,Pinus sylvestris (Furu),Resten,,1,,,1
54,4220,Telemark,Fritsøe1,1FRUB,UB,6/18/19,NV,Sorbus aucuparia (Rogn),ROS,,3,,,1
54,4220,Telemark,Fritsøe1,1FRUB,UB,6/18/19,NV,Sorbus aucuparia (Rogn),ROS,,4,,,1
54,4220,Telemark,Fritsøe1,1FRUB,UB,6/18/19,NV,Sorbus aucuparia (Rogn),ROS,,1,,,3
54,4220,Telemark,Fritsøe1,1FRUB,UB,6/18/19,NV,Sorbus aucuparia (Rogn),ROS,,2,,,1
54,4221,Telemark,Fritsøe1,1FRUB,UB,6/18/19,ØH,Betula pubescens (Bjørk),Resten,,6,,,1
54,4221,Telemark,Fritsøe1,1FRUB,UB,6/18/19,ØH,Betula pubescens (Bjørk),Resten,,1,,,6
54,4221,Telemark,Fritsøe1,1FRUB,UB,6/18/19,ØH,Betula pubescens (Bjørk),Resten,,3,,,19
54,4221,Telemark,Fritsøe1,1FRUB,UB,6/18/19,ØH,Betula pubescens (Bjørk),Resten,,5,,,6
54,4221,Telemark,Fritsøe1,1FRUB,UB,6/18/19,ØH,Betula pubescens (Bjørk),Resten,,4,,,12
54,4221,Telemark,Fritsøe1,1FRUB,UB,6/18/19,ØH,Betula pubescens (Bjørk),Resten,,2,,,15
54,4221,Telemark,Fritsøe1,1FRUB,UB,6/18/19,ØH,Picea abies (Gran),Bad tree,,7,,,1
54,4221,Telemark,Fritsøe1,1FRUB,UB,6/18/19,ØH,Picea abies (Gran),Bad tree,,2,,,1
54,4221,Telemark,Fritsøe1,1FRUB,UB,6/18/19,ØH,Picea abies (Gran),Bad tree,,3,,,1
54,4221,Telemark,Fritsøe1,1FRUB,UB,6/18/19,ØH,Pinus sylvestris (Furu),Resten,,4,,,2
54,4221,Telemark,Fritsøe1,1FRUB,UB,6/18/19,ØH,Pinus sylvestris (Furu),Resten,,1,,,1
54,4221,Telemark,Fritsøe1,1FRUB,UB,6/18/19,ØH,Pinus sylvestris (Furu),Resten,,3,,,3
54,4221,Telemark,Fritsøe1,1FRUB,UB,6/18/19,ØH,Pinus sylvestris (Furu),Resten,,2,,,1
54,4221,Telemark,Fritsøe1,1FRUB,UB,6/18/19,ØH,Pinus sylvestris (Furu),Resten,,6,,,1
54,4221,Telemark,Fritsøe1,1FRUB,UB,6/18/19,ØH,Sorbus aucuparia (Rogn),ROS,,3,,,2
54,4221,Telemark,Fritsøe1,1FRUB,UB,6/18/19,ØH,Sorbus aucuparia (Rogn),ROS,,1,,,1
54,4221,Telemark,Fritsøe1,1FRUB,UB,6/18/19,ØH,Sorbus aucuparia (Rogn),ROS,,2,,,1
54,4222,Telemark,Fritsøe1,1FRUB,UB,6/18/19,ØV,Betula pubescens (Bjørk),Resten,,7,,,2
54,4222,Telemark,Fritsøe1,1FRUB,UB,6/18/19,ØV,Betula pubescens (Bjørk),Resten,,2,,,3
54,4222,Telemark,Fritsøe1,1FRUB,UB,6/18/19,ØV,Betula pubescens (Bjørk),Resten,,4,,,1
54,4222,Telemark,Fritsøe1,1FRUB,UB,6/18/19,ØV,Picea abies (Gran),Bad tree,,1,,,2
54,4222,Telemark,Fritsøe1,1FRUB,UB,6/18/19,ØV,Picea abies (Gran),Bad tree,,6,,,1
54,4222,Telemark,Fritsøe1,1FRUB,UB,6/18/19,ØV,Picea abies (Gran),Bad tree,,2,,,1
54,4222,Telemark,Fritsøe1,1FRUB,UB,6/18/19,ØV,Sorbus aucuparia (Rogn),ROS,,2,,,1
54,4222,Telemark,Fritsøe1,1FRUB,UB,6/18/19,ØV,Sorbus aucuparia (Rogn),ROS,,1,,,2
55,4223,Telemark,Fritsøe2,2FRB,B,6/19/19,NH,Picea abies (Gran),Bad tree,,7,,,1
55,4223,Telemark,Fritsøe2,2FRB,B,6/19/19,NH,Picea abies (Gran),Bad tree,,1,,,3
55,4223,Telemark,Fritsøe2,2FRB,B,6/19/19,NH,Picea abies (Gran),Bad tree,,3,,,2
55,4223,Telemark,Fritsøe2,2FRB,B,6/19/19,NH,Picea abies (Gran),Bad tree,,2,,,4
55,4223,Telemark,Fritsøe2,2FRB,B,6/19/19,NH,Sorbus aucuparia (Rogn),ROS,,2,,,1
55,4224,Telemark,Fritsøe2,2FRB,B,6/19/19,NV,Picea abies (Gran),Bad tree,,3,,,1
55,4224,Telemark,Fritsøe2,2FRB,B,6/19/19,NV,Picea abies (Gran),Bad tree,,7,,,1
55,4224,Telemark,Fritsøe2,2FRB,B,6/19/19,NV,Sorbus aucuparia (Rogn),ROS,,2,,,4
55,4224,Telemark,Fritsøe2,2FRB,B,6/19/19,NV,Sorbus aucuparia (Rogn),ROS,,1,,,5
55,4224,Telemark,Fritsøe2,2FRB,B,6/19/19,NV,Sorbus aucuparia (Rogn),ROS,,3,,,1
55,4225,Telemark,Fritsøe2,2FRB,B,6/19/19,ØH,Betula pubescens (Bjørk),Resten,,4,,,1
55,4225,Telemark,Fritsøe2,2FRB,B,6/19/19,ØH,Betula pubescens (Bjørk),Resten,,6,,,1
55,4225,Telemark,Fritsøe2,2FRB,B,6/19/19,ØH,Picea abies (Gran),Bad tree,,3,,,6
55,4225,Telemark,Fritsøe2,2FRB,B,6/19/19,ØH,Picea abies (Gran),Bad tree,,1,,,15
55,4225,Telemark,Fritsøe2,2FRB,B,6/19/19,ØH,Picea abies (Gran),Bad tree,,2,,,15
55,4226,Telemark,Fritsøe2,2FRB,B,6/19/19,ØV,Betula pubescens (Bjørk),Resten,,7,,,1
55,4226,Telemark,Fritsøe2,2FRB,B,6/19/19,ØV,Betula pubescens (Bjørk),Resten,,6,,,1
55,4226,Telemark,Fritsøe2,2FRB,B,6/19/19,ØV,Picea abies (Gran),Bad tree,,3,,,2
55,4226,Telemark,Fritsøe2,2FRB,B,6/19/19,ØV,Sorbus aucuparia (Rogn),ROS,,1,,,1
55,4226,Telemark,Fritsøe2,2FRB,B,6/19/19,ØV,Sorbus aucuparia (Rogn),ROS,,4,,,1
55,4226,Telemark,Fritsøe2,2FRB,B,6/19/19,ØV,Sorbus aucuparia (Rogn),ROS,,3,,,2
56,4227,Telemark,Fritsøe2,2FRUB,UB,6/19/19,NH,Picea abies (Gran),Bad tree,,1,,,3
56,4227,Telemark,Fritsøe2,2FRUB,UB,6/19/19,NH,Picea abies (Gran),Bad tree,,2,,,4
56,4227,Telemark,Fritsøe2,2FRUB,UB,6/19/19,NH,Picea abies (Gran),Bad tree,,3,,,1
56,4227,Telemark,Fritsøe2,2FRUB,UB,6/19/19,NH,Picea abies (Gran),Bad tree,,7,,,1
56,4227,Telemark,Fritsøe2,2FRUB,UB,6/19/19,NH,Sorbus aucuparia (Rogn),ROS,,6,,,2
56,4227,Telemark,Fritsøe2,2FRUB,UB,6/19/19,NH,Sorbus aucuparia (Rogn),ROS,,3,,,2
56,4227,Telemark,Fritsøe2,2FRUB,UB,6/19/19,NH,Sorbus aucuparia (Rogn),ROS,,4,,,4
56,4227,Telemark,Fritsøe2,2FRUB,UB,6/19/19,NH,Sorbus aucuparia (Rogn),ROS,,5,,,3
56,4227,Telemark,Fritsøe2,2FRUB,UB,6/19/19,NH,Sorbus aucuparia (Rogn),ROS,,2,,,2
56,4228,Telemark,Fritsøe2,2FRUB,UB,6/19/19,NV,Betula pubescens (Bjørk),Resten,,5,,,1
56,4228,Telemark,Fritsøe2,2FRUB,UB,6/19/19,NV,Betula pubescens (Bjørk),Resten,,7,,,1
56,4228,Telemark,Fritsøe2,2FRUB,UB,6/19/19,NV,Picea abies (Gran),Bad tree,,1,,,1
56,4228,Telemark,Fritsøe2,2FRUB,UB,6/19/19,NV,Picea abies (Gran),Bad tree,,4,,,3
56,4228,Telemark,Fritsøe2,2FRUB,UB,6/19/19,NV,Picea abies (Gran),Bad tree,,2,,,2
56,4228,Telemark,Fritsøe2,2FRUB,UB,6/19/19,NV,Sorbus aucuparia (Rogn),ROS,,4,,,1
56,4228,Telemark,Fritsøe2,2FRUB,UB,6/19/19,NV,Sorbus aucuparia (Rogn),ROS,,3,,,3
56,4228,Telemark,Fritsøe2,2FRUB,UB,6/19/19,NV,Sorbus aucuparia (Rogn),ROS,,7,,,7
56,4228,Telemark,Fritsøe2,2FRUB,UB,6/19/19,NV,Sorbus aucuparia (Rogn),ROS,,5,,,1
56,4228,Telemark,Fritsøe2,2FRUB,UB,6/19/19,NV,Sorbus aucuparia (Rogn),ROS,,2,,,5
56,4228,Telemark,Fritsøe2,2FRUB,UB,6/19/19,NV,Sorbus aucuparia (Rogn),ROS,,6,,,3
56,4229,Telemark,Fritsøe2,2FRUB,UB,6/19/19,ØH,Betula pubescens (Bjørk),Resten,,6,,,1
56,4229,Telemark,Fritsøe2,2FRUB,UB,6/19/19,ØH,Picea abies (Gran),Bad tree,,4,,,1
56,4229,Telemark,Fritsøe2,2FRUB,UB,6/19/19,ØH,Picea abies (Gran),Bad tree,,7,,,1
56,4229,Telemark,Fritsøe2,2FRUB,UB,6/19/19,ØH,Picea abies (Gran),Bad tree,,2,,,1
56,4229,Telemark,Fritsøe2,2FRUB,UB,6/19/19,ØH,Picea abies (Gran),Bad tree,,3,,,1
56,4229,Telemark,Fritsøe2,2FRUB,UB,6/19/19,ØH,Sorbus aucuparia (Rogn),ROS,,6,,,2
56,4229,Telemark,Fritsøe2,2FRUB,UB,6/19/19,ØH,Sorbus aucuparia (Rogn),ROS,,7,,,1
56,4229,Telemark,Fritsøe2,2FRUB,UB,6/19/19,ØH,Sorbus aucuparia (Rogn),ROS,,2,,,1
56,4229,Telemark,Fritsøe2,2FRUB,UB,6/19/19,ØH,Sorbus aucuparia (Rogn),ROS,,5,,,1
56,4230,Telemark,Fritsøe2,2FRUB,UB,6/19/19,ØV,Picea abies (Gran),Bad tree,,5,,,1
56,4230,Telemark,Fritsøe2,2FRUB,UB,6/19/19,ØV,Picea abies (Gran),Bad tree,,7,,,2
56,4230,Telemark,Fritsøe2,2FRUB,UB,6/19/19,ØV,Picea abies (Gran),Bad tree,,3,,,1
56,4230,Telemark,Fritsøe2,2FRUB,UB,6/19/19,ØV,Picea abies (Gran),Bad tree,,1,,,1
56,4230,Telemark,Fritsøe2,2FRUB,UB,6/19/19,ØV,Sorbus aucuparia (Rogn),ROS,,7,,,4
57,4231,Telemark,Furesdal,1FYB,B,5/2/19,NH,Betula pubescens (Bjørk),Resten,,7,,,1
57,4231,Telemark,Furesdal,1FYB,B,5/2/19,NH,Betula pubescens (Bjørk),Resten,,1,,,1
57,4231,Telemark,Furesdal,1FYB,B,5/2/19,NH,Picea abies (Gran),Bad tree,,2,,,1
57,4231,Telemark,Furesdal,1FYB,B,5/2/19,NH,Picea abies (Gran),Bad tree,,1,,,5
57,4231,Telemark,Furesdal,1FYB,B,5/2/19,NH,Pinus sylvestris (Furu),Resten,,1,,,2
57,4231,Telemark,Furesdal,1FYB,B,5/2/19,NH,Pinus sylvestris (Furu),Resten,,5,,,1
57,4232,Telemark,Furesdal,1FYB,B,5/2/19,NV,Picea abies (Gran),Bad tree,,1,,,8
57,4232,Telemark,Furesdal,1FYB,B,5/2/19,NV,Pinus sylvestris (Furu),Resten,,4,,,1
57,4232,Telemark,Furesdal,1FYB,B,5/2/19,NV,Pinus sylvestris (Furu),Resten,,2,,,1
57,4232,Telemark,Furesdal,1FYB,B,5/2/19,NV,Pinus sylvestris (Furu),Resten,,3,,,2
57,4233,Telemark,Furesdal,1FYB,B,5/2/19,ØH,Picea abies (Gran),Bad tree,,1,,,3
57,4233,Telemark,Furesdal,1FYB,B,5/2/19,ØH,Picea abies (Gran),Bad tree,,2,,,1
57,4233,Telemark,Furesdal,1FYB,B,5/2/19,ØH,Pinus sylvestris (Furu),Resten,,1,,,1
57,4233,Telemark,Furesdal,1FYB,B,5/2/19,ØH,Pinus sylvestris (Furu),Resten,,2,,,1
57,4234,Telemark,Furesdal,1FYB,B,5/2/19,ØV,Betula pubescens (Bjørk),Resten,,1,,,1
57,4234,Telemark,Furesdal,1FYB,B,5/2/19,ØV,Picea abies (Gran),Bad tree,,1,,,24
57,4234,Telemark,Furesdal,1FYB,B,5/2/19,ØV,Pinus sylvestris (Furu),Resten,,1,,,8
57,4234,Telemark,Furesdal,1FYB,B,5/2/19,ØV,Pinus sylvestris (Furu),Resten,,3,,,1
57,4234,Telemark,Furesdal,1FYB,B,5/2/19,ØV,Pinus sylvestris (Furu),Resten,,2,,,1
57,4234,Telemark,Furesdal,1FYB,B,5/2/19,ØV,Pinus sylvestris (Furu),Resten,,4,,,1
58,4235,Telemark,Furesdal,1FYUB,UB,5/2/19,NH,Betula pubescens (Bjørk),Resten,,7,,,1
58,4235,Telemark,Furesdal,1FYUB,UB,5/2/19,NH,Pinus sylvestris (Furu),Resten,,1,,,1
58,4236,Telemark,Furesdal,1FYUB,UB,5/2/19,NV,Betula pubescens (Bjørk),Resten,,2,,,1
58,4236,Telemark,Furesdal,1FYUB,UB,5/2/19,NV,Picea abies (Gran),Bad tree,,3,,,1
58,4236,Telemark,Furesdal,1FYUB,UB,5/2/19,NV,Picea abies (Gran),Bad tree,,1,,,3
58,4236,Telemark,Furesdal,1FYUB,UB,5/2/19,NV,Picea abies (Gran),Bad tree,,2,,,4
58,4236,Telemark,Furesdal,1FYUB,UB,5/2/19,NV,Pinus sylvestris (Furu),Resten,,3,,,2
58,4236,Telemark,Furesdal,1FYUB,UB,5/2/19,NV,Pinus sylvestris (Furu),Resten,,2,,,1
58,4236,Telemark,Furesdal,1FYUB,UB,5/2/19,NV,Pinus sylvestris (Furu),Resten,,1,,,2
58,4236,Telemark,Furesdal,1FYUB,UB,5/2/19,NV,Pinus sylvestris (Furu),Resten,,4,,,1
58,4237,Telemark,Furesdal,1FYUB,UB,5/2/19,ØH,Picea abies (Gran),Bad tree,,1,,,7
58,4237,Telemark,Furesdal,1FYUB,UB,5/2/19,ØH,Picea abies (Gran),Bad tree,,2,,,3
58,4237,Telemark,Furesdal,1FYUB,UB,5/2/19,ØH,Picea abies (Gran),Bad tree,,7,,,3
58,4237,Telemark,Furesdal,1FYUB,UB,5/2/19,ØH,Pinus sylvestris (Furu),Resten,,1,,,4
58,4237,Telemark,Furesdal,1FYUB,UB,5/2/19,ØH,Pinus sylvestris (Furu),Resten,,3,,,3
58,4237,Telemark,Furesdal,1FYUB,UB,5/2/19,ØH,Sorbus aucuparia (Rogn),ROS,,1,,,1
58,4238,Telemark,Furesdal,1FYUB,UB,5/2/19,ØV,Picea abies (Gran),Bad tree,,1,,,12
58,4238,Telemark,Furesdal,1FYUB,UB,5/2/19,ØV,Picea abies (Gran),Bad tree,,2,,,3
58,4238,Telemark,Furesdal,1FYUB,UB,5/2/19,ØV,Pinus sylvestris (Furu),Resten,,1,,,2
58,4238,Telemark,Furesdal,1FYUB,UB,5/2/19,ØV,Pinus sylvestris (Furu),Resten,,2,,,1
58,4238,Telemark,Furesdal,1FYUB,UB,5/2/19,ØV,Pinus sylvestris (Furu),Resten,,4,,,2
59,4239,Telemark,Kviteseid1,1KVB,B,5/15/19,NH,Betula pubescens (Bjørk),Resten,,1,,,1
59,4239,Telemark,Kviteseid1,1KVB,B,5/15/19,NH,Picea abies (Gran),Bad tree,,1,,,1
59,4239,Telemark,Kviteseid1,1KVB,B,5/15/19,NH,Sorbus aucuparia (Rogn),ROS,,1,,,8
59,4239,Telemark,Kviteseid1,1KVB,B,5/15/19,NH,Sorbus aucuparia (Rogn),ROS,,2,,,1
59,4240,Telemark,Kviteseid1,1KVB,B,5/15/19,NV,Betula pubescens (Bjørk),Resten,,1,,,5
59,4240,Telemark,Kviteseid1,1KVB,B,5/15/19,NV,Betula pubescens (Bjørk),Resten,,2,,,4
59,4240,Telemark,Kviteseid1,1KVB,B,5/15/19,NV,Picea abies (Gran),Bad tree,,5,,,1
59,4240,Telemark,Kviteseid1,1KVB,B,5/15/19,NV,Pinus sylvestris (Furu),Resten,,4,,,1
59,4240,Telemark,Kviteseid1,1KVB,B,5/15/19,NV,Sorbus aucuparia (Rogn),ROS,,1,,,15
59,4240,Telemark,Kviteseid1,1KVB,B,5/15/19,NV,Sorbus aucuparia (Rogn),ROS,,2,,,8
59,4241,Telemark,Kviteseid1,1KVB,B,5/15/19,ØH,Betula pubescens (Bjørk),Resten,,2,,,3
59,4241,Telemark,Kviteseid1,1KVB,B,5/15/19,ØH,Betula pubescens (Bjørk),Resten,,1,,,1
59,4241,Telemark,Kviteseid1,1KVB,B,5/15/19,ØH,Picea abies (Gran),Bad tree,,1,,,1
59,4241,Telemark,Kviteseid1,1KVB,B,5/15/19,ØH,Pinus sylvestris (Furu),Resten,,7,,,1
59,4241,Telemark,Kviteseid1,1KVB,B,5/15/19,ØH,Sorbus aucuparia (Rogn),ROS,,2,,,1
59,4241,Telemark,Kviteseid1,1KVB,B,5/15/19,ØH,Sorbus aucuparia (Rogn),ROS,,1,,,19
59,4242,Telemark,Kviteseid1,1KVB,B,5/15/19,ØV,Betula pubescens (Bjørk),Resten,,1,,,12
59,4242,Telemark,Kviteseid1,1KVB,B,5/15/19,ØV,Picea abies (Gran),Bad tree,,1,,,2
59,4242,Telemark,Kviteseid1,1KVB,B,5/15/19,ØV,Sorbus aucuparia (Rogn),ROS,,2,,,10
59,4242,Telemark,Kviteseid1,1KVB,B,5/15/19,ØV,Sorbus aucuparia (Rogn),ROS,,1,,,15
60,4243,Telemark,Kviteseid1,1KVUB,UB,5/15/19,NH,Betula pubescens (Bjørk),Resten,,7,,,1
60,4243,Telemark,Kviteseid1,1KVUB,UB,5/15/19,NH,Sorbus aucuparia (Rogn),ROS,,7,,,1
60,4243,Telemark,Kviteseid1,1KVUB,UB,5/15/19,NH,Sorbus aucuparia (Rogn),ROS,,1,,,1
60,4244,Telemark,Kviteseid1,1KVUB,UB,5/15/19,NV,Sorbus aucuparia (Rogn),ROS,,4,,,1
60,4244,Telemark,Kviteseid1,1KVUB,UB,5/15/19,NV,Sorbus aucuparia (Rogn),ROS,,1,,,3
60,4245,Telemark,Kviteseid1,1KVUB,UB,5/15/19,ØH,Picea abies (Gran),Bad tree,,7,,,1
60,4245,Telemark,Kviteseid1,1KVUB,UB,5/15/19,ØH,Pinus sylvestris (Furu),Resten,,5,,,1
60,4245,Telemark,Kviteseid1,1KVUB,UB,5/15/19,ØH,Sorbus aucuparia (Rogn),ROS,,4,,,1
60,4245,Telemark,Kviteseid1,1KVUB,UB,5/15/19,ØH,Sorbus aucuparia (Rogn),ROS,,3,,,1
60,4245,Telemark,Kviteseid1,1KVUB,UB,5/15/19,ØH,Sorbus aucuparia (Rogn),ROS,,1,,,2
60,4245,Telemark,Kviteseid1,1KVUB,UB,5/15/19,ØH,Sorbus aucuparia (Rogn),ROS,,2,,,2
60,4246,Telemark,Kviteseid1,1KVUB,UB,5/15/19,ØV,Picea abies (Gran),Bad tree,,7,,,1
60,4246,Telemark,Kviteseid1,1KVUB,UB,5/15/19,ØV,Pinus sylvestris (Furu),Resten,,7,,,1
60,4246,Telemark,Kviteseid1,1KVUB,UB,5/15/19,ØV,Pinus sylvestris (Furu),Resten,,6,,,1
60,4246,Telemark,Kviteseid1,1KVUB,UB,5/15/19,ØV,Sorbus aucuparia (Rogn),ROS,,1,,,1
65,4247,Telemark,Kviteseid2,2KVB,B,5/16/19,NH,Betula pubescens (Bjørk),Resten,,5,,,2
65,4247,Telemark,Kviteseid2,2KVB,B,5/16/19,NH,Betula pubescens (Bjørk),Resten,,4,,,2
65,4247,Telemark,Kviteseid2,2KVB,B,5/16/19,NH,Betula pubescens (Bjørk),Resten,,6,,,2
65,4247,Telemark,Kviteseid2,2KVB,B,5/16/19,NH,Picea abies (Gran),Bad tree,,2,,,1
65,4247,Telemark,Kviteseid2,2KVB,B,5/16/19,NH,Salix caprea (Selje),ROS,,3,,,17
65,4247,Telemark,Kviteseid2,2KVB,B,5/16/19,NH,Salix caprea (Selje),ROS,,2,,,5
65,4247,Telemark,Kviteseid2,2KVB,B,5/16/19,NH,Salix caprea (Selje),ROS,,4,,,4
65,4248,Telemark,Kviteseid2,2KVB,B,5/16/19,NV,Betula pubescens (Bjørk),Resten,,4,,,1
65,4248,Telemark,Kviteseid2,2KVB,B,5/16/19,NV,Betula pubescens (Bjørk),Resten,,1,,,4
65,4248,Telemark,Kviteseid2,2KVB,B,5/16/19,NV,Betula pubescens (Bjørk),Resten,,2,,,2
65,4248,Telemark,Kviteseid2,2KVB,B,5/16/19,NV,Juniperus communis (Einer),Bad tree,,1,,,1
65,4248,Telemark,Kviteseid2,2KVB,B,5/16/19,NV,Picea abies (Gran),Bad tree,,7,,,1
65,4248,Telemark,Kviteseid2,2KVB,B,5/16/19,NV,Picea abies (Gran),Bad tree,,6,,,1
65,4248,Telemark,Kviteseid2,2KVB,B,5/16/19,NV,Picea abies (Gran),Bad tree,,1,,,1
65,4248,Telemark,Kviteseid2,2KVB,B,5/16/19,NV,Pinus sylvestris (Furu),Resten,,6,,,2
65,4248,Telemark,Kviteseid2,2KVB,B,5/16/19,NV,Pinus sylvestris (Furu),Resten,,2,,,1
65,4248,Telemark,Kviteseid2,2KVB,B,5/16/19,NV,Pinus sylvestris (Furu),Resten,,5,,,1
65,4248,Telemark,Kviteseid2,2KVB,B,5/16/19,NV,Pinus sylvestris (Furu),Resten,,3,,,1
65,4248,Telemark,Kviteseid2,2KVB,B,5/16/19,NV,Sorbus aucuparia (Rogn),ROS,,3,,,1
65,4248,Telemark,Kviteseid2,2KVB,B,5/16/19,NV,Sorbus aucuparia (Rogn),ROS,,1,,,1
65,4249,Telemark,Kviteseid2,2KVB,B,5/16/19,ØH,Betula pubescens (Bjørk),Resten,,3,,,2
65,4249,Telemark,Kviteseid2,2KVB,B,5/16/19,ØH,Betula pubescens (Bjørk),Resten,,5,,,1
65,4249,Telemark,Kviteseid2,2KVB,B,5/16/19,ØH,Picea abies (Gran),Bad tree,,2,,,2
65,4249,Telemark,Kviteseid2,2KVB,B,5/16/19,ØH,Picea abies (Gran),Bad tree,,1,,,4
65,4250,Telemark,Kviteseid2,2KVB,B,5/16/19,ØV,Betula pubescens (Bjørk),Resten,,6,,,1
65,4250,Telemark,Kviteseid2,2KVB,B,5/16/19,ØV,Betula pubescens (Bjørk),Resten,,2,,,11
65,4250,Telemark,Kviteseid2,2KVB,B,5/16/19,ØV,Betula pubescens (Bjørk),Resten,,1,,,17
65,4250,Telemark,Kviteseid2,2KVB,B,5/16/19,ØV,Betula pubescens (Bjørk),Resten,,3,,,3
65,4250,Telemark,Kviteseid2,2KVB,B,5/16/19,ØV,Picea abies (Gran),Bad tree,,1,,,5
65,4250,Telemark,Kviteseid2,2KVB,B,5/16/19,ØV,Picea abies (Gran),Bad tree,,3,,,1
65,4250,Telemark,Kviteseid2,2KVB,B,5/16/19,ØV,Pinus sylvestris (Furu),Resten,,4,,,2
65,4250,Telemark,Kviteseid2,2KVB,B,5/16/19,ØV,Pinus sylvestris (Furu),Resten,,2,,,2
65,4250,Telemark,Kviteseid2,2KVB,B,5/16/19,ØV,Pinus sylvestris (Furu),Resten,,1,,,2
65,4250,Telemark,Kviteseid2,2KVB,B,5/16/19,ØV,Pinus sylvestris (Furu),Resten,,5,,,1
65,4250,Telemark,Kviteseid2,2KVB,B,5/16/19,ØV,Pinus sylvestris (Furu),Resten,,3,,,2
65,4250,Telemark,Kviteseid2,2KVB,B,5/16/19,ØV,Sorbus aucuparia (Rogn),ROS,,1,,,1
66,4251,Telemark,Kviteseid2,2KVUB,UB,5/16/19,NH,Betula pubescens (Bjørk),Resten,,3,,,1
66,4251,Telemark,Kviteseid2,2KVUB,UB,5/16/19,NH,Betula pubescens (Bjørk),Resten,,5,,,1
66,4251,Telemark,Kviteseid2,2KVUB,UB,5/16/19,NH,Picea abies (Gran),Bad tree,,5,,,1
66,4251,Telemark,Kviteseid2,2KVUB,UB,5/16/19,NH,Picea abies (Gran),Bad tree,,3,,,1
66,4251,Telemark,Kviteseid2,2KVUB,UB,5/16/19,NH,Picea abies (Gran),Bad tree,,7,,,1
66,4251,Telemark,Kviteseid2,2KVUB,UB,5/16/19,NH,Pinus sylvestris (Furu),Resten,,4,,,1
66,4251,Telemark,Kviteseid2,2KVUB,UB,5/16/19,NH,Sorbus aucuparia (Rogn),ROS,,7,,,1
66,4251,Telemark,Kviteseid2,2KVUB,UB,5/16/19,NH,Sorbus aucuparia (Rogn),ROS,,6,,,1
66,4252,Telemark,Kviteseid2,2KVUB,UB,5/16/19,NV,Betula pubescens (Bjørk),Resten,,3,,,2
66,4252,Telemark,Kviteseid2,2KVUB,UB,5/16/19,NV,Betula pubescens (Bjørk),Resten,,5,,,1
66,4252,Telemark,Kviteseid2,2KVUB,UB,5/16/19,NV,Betula pubescens (Bjørk),Resten,,2,,,3
66,4252,Telemark,Kviteseid2,2KVUB,UB,5/16/19,NV,Picea abies (Gran),Bad tree,,5,,,1
66,4253,Telemark,Kviteseid2,2KVUB,UB,5/16/19,ØH,Betula pubescens (Bjørk),Resten,,7,,,1
66,4253,Telemark,Kviteseid2,2KVUB,UB,5/16/19,ØH,Betula pubescens (Bjørk),Resten,,2,,,1
66,4253,Telemark,Kviteseid2,2KVUB,UB,5/16/19,ØH,Picea abies (Gran),Bad tree,,2,,,1
66,4253,Telemark,Kviteseid2,2KVUB,UB,5/16/19,ØH,Picea abies (Gran),Bad tree,,7,,,1
66,4253,Telemark,Kviteseid2,2KVUB,UB,5/16/19,ØH,Picea abies (Gran),Bad tree,,1,,,3
66,4253,Telemark,Kviteseid2,2KVUB,UB,5/16/19,ØH,Pinus sylvestris (Furu),Resten,,5,,,1
66,4253,Telemark,Kviteseid2,2KVUB,UB,5/16/19,ØH,Pinus sylvestris (Furu),Resten,,1,,,1
66,4253,Telemark,Kviteseid2,2KVUB,UB,5/16/19,ØH,Sorbus aucuparia (Rogn),ROS,,1,,,1
66,4253,Telemark,Kviteseid2,2KVUB,UB,5/16/19,ØH,Sorbus aucuparia (Rogn),ROS,,2,,,1
66,4253,Telemark,Kviteseid2,2KVUB,UB,5/16/19,ØH,Sorbus aucuparia (Rogn),ROS,,4,,,1
66,4254,Telemark,Kviteseid2,2KVUB,UB,5/16/19,ØV,Betula pubescens (Bjørk),Resten,,1,,,1
66,4254,Telemark,Kviteseid2,2KVUB,UB,5/16/19,ØV,Picea abies (Gran),Bad tree,,6,,,1
66,4254,Telemark,Kviteseid2,2KVUB,UB,5/16/19,ØV,Picea abies (Gran),Bad tree,,4,,,1
66,4254,Telemark,Kviteseid2,2KVUB,UB,5/16/19,ØV,Pinus sylvestris (Furu),Resten,,1,,,1
67,4255,Telemark,Kviteseid3,3KVB,B,5/21/19,NH,Betula pubescens (Bjørk),Resten,,3,,,1
67,4255,Telemark,Kviteseid3,3KVB,B,5/21/19,NH,Picea abies (Gran),Bad tree,,4,,,1
67,4255,Telemark,Kviteseid3,3KVB,B,5/21/19,NH,Picea abies (Gran),Bad tree,,1,,,1
67,4255,Telemark,Kviteseid3,3KVB,B,5/21/19,NH,Sorbus aucuparia (Rogn),ROS,,2,,,2
67,4255,Telemark,Kviteseid3,3KVB,B,5/21/19,NH,Sorbus aucuparia (Rogn),ROS,,1,,,36
67,4256,Telemark,Kviteseid3,3KVB,B,5/21/19,NV,Picea abies (Gran),Bad tree,,1,,,2
67,4256,Telemark,Kviteseid3,3KVB,B,5/21/19,NV,Picea abies (Gran),Bad tree,,5,,,1
67,4256,Telemark,Kviteseid3,3KVB,B,5/21/19,NV,Sorbus aucuparia (Rogn),ROS,,1,,,10
67,4257,Telemark,Kviteseid3,3KVB,B,5/21/19,ØH,Betula pubescens (Bjørk),Resten,,3,,,1
67,4257,Telemark,Kviteseid3,3KVB,B,5/21/19,ØH,Betula pubescens (Bjørk),Resten,,2,,,1
67,4257,Telemark,Kviteseid3,3KVB,B,5/21/19,ØH,Picea abies (Gran),Bad tree,,1,,,1
67,4257,Telemark,Kviteseid3,3KVB,B,5/21/19,ØH,Picea abies (Gran),Bad tree,,4,,,1
67,4257,Telemark,Kviteseid3,3KVB,B,5/21/19,ØH,Picea abies (Gran),Bad tree,,5,,,2
67,4257,Telemark,Kviteseid3,3KVB,B,5/21/19,ØH,Sorbus aucuparia (Rogn),ROS,,2,,,2
67,4257,Telemark,Kviteseid3,3KVB,B,5/21/19,ØH,Sorbus aucuparia (Rogn),ROS,,1,,,29
67,4258,Telemark,Kviteseid3,3KVB,B,5/21/19,ØV,Betula pubescens (Bjørk),Resten,,3,,,4
67,4258,Telemark,Kviteseid3,3KVB,B,5/21/19,ØV,Betula pubescens (Bjørk),Resten,,2,,,5
67,4258,Telemark,Kviteseid3,3KVB,B,5/21/19,ØV,Betula pubescens (Bjørk),Resten,,4,,,1
67,4258,Telemark,Kviteseid3,3KVB,B,5/21/19,ØV,Picea abies (Gran),Bad tree,,7,,,1
67,4258,Telemark,Kviteseid3,3KVB,B,5/21/19,ØV,Sorbus aucuparia (Rogn),ROS,,2,,,1
67,4258,Telemark,Kviteseid3,3KVB,B,5/21/19,ØV,Sorbus aucuparia (Rogn),ROS,,1,,,11
68,4259,Telemark,Kviteseid3,3KVUB,UB,5/21/19,NH,Betula pubescens (Bjørk),Resten,,3,,,1
68,4259,Telemark,Kviteseid3,3KVUB,UB,5/21/19,NH,Betula pubescens (Bjørk),Resten,,1,,,1
68,4259,Telemark,Kviteseid3,3KVUB,UB,5/21/19,NH,Picea abies (Gran),Bad tree,,1,,,3
68,4259,Telemark,Kviteseid3,3KVUB,UB,5/21/19,NH,Picea abies (Gran),Bad tree,,4,,,1
68,4259,Telemark,Kviteseid3,3KVUB,UB,5/21/19,NH,Picea abies (Gran),Bad tree,,6,,,1
68,4259,Telemark,Kviteseid3,3KVUB,UB,5/21/19,NH,Picea abies (Gran),Bad tree,,3,,,1
68,4259,Telemark,Kviteseid3,3KVUB,UB,5/21/19,NH,Sorbus aucuparia (Rogn),ROS,,2,,,15
68,4259,Telemark,Kviteseid3,3KVUB,UB,5/21/19,NH,Sorbus aucuparia (Rogn),ROS,,1,,,9
68,4259,Telemark,Kviteseid3,3KVUB,UB,5/21/19,NH,Sorbus aucuparia (Rogn),ROS,,3,,,3
68,4260,Telemark,Kviteseid3,3KVUB,UB,5/21/19,NV,Betula pubescens (Bjørk),Resten,,2,,,1
68,4260,Telemark,Kviteseid3,3KVUB,UB,5/21/19,NV,Picea abies (Gran),Bad tree,,7,,,2
68,4260,Telemark,Kviteseid3,3KVUB,UB,5/21/19,NV,Picea abies (Gran),Bad tree,,4,,,1
68,4260,Telemark,Kviteseid3,3KVUB,UB,5/21/19,NV,Picea abies (Gran),Bad tree,,2,,,1
68,4260,Telemark,Kviteseid3,3KVUB,UB,5/21/19,NV,Sorbus aucuparia (Rogn),ROS,,2,,,8
68,4260,Telemark,Kviteseid3,3KVUB,UB,5/21/19,NV,Sorbus aucuparia (Rogn),ROS,,5,,,2
68,4260,Telemark,Kviteseid3,3KVUB,UB,5/21/19,NV,Sorbus aucuparia (Rogn),ROS,,1,,,4
68,4260,Telemark,Kviteseid3,3KVUB,UB,5/21/19,NV,Sorbus aucuparia (Rogn),ROS,,3,,,2
68,4261,Telemark,Kviteseid3,3KVUB,UB,5/21/19,ØH,Betula pubescens (Bjørk),Resten,,6,,,1
68,4261,Telemark,Kviteseid3,3KVUB,UB,5/21/19,ØH,Betula pubescens (Bjørk),Resten,,4,,,2
68,4261,Telemark,Kviteseid3,3KVUB,UB,5/21/19,ØH,Betula pubescens (Bjørk),Resten,,5,,,2
68,4261,Telemark,Kviteseid3,3KVUB,UB,5/21/19,ØH,Betula pubescens (Bjørk),Resten,,2,,,1
68,4261,Telemark,Kviteseid3,3KVUB,UB,5/21/19,ØH,Picea abies (Gran),Bad tree,,1,,,4
68,4261,Telemark,Kviteseid3,3KVUB,UB,5/21/19,ØH,Picea abies (Gran),Bad tree,,4,,,1
68,4261,Telemark,Kviteseid3,3KVUB,UB,5/21/19,ØH,Picea abies (Gran),Bad tree,,7,,,1
68,4261,Telemark,Kviteseid3,3KVUB,UB,5/21/19,ØH,Salix caprea (Selje),ROS,,2,,,1
68,4261,Telemark,Kviteseid3,3KVUB,UB,5/21/19,ØH,Salix caprea (Selje),ROS,,1,,,1
68,4261,Telemark,Kviteseid3,3KVUB,UB,5/21/19,ØH,Salix caprea (Selje),ROS,,4,,,1
68,4261,Telemark,Kviteseid3,3KVUB,UB,5/21/19,ØH,Salix caprea (Selje),ROS,,3,,,1
68,4261,Telemark,Kviteseid3,3KVUB,UB,5/21/19,ØH,Sorbus aucuparia (Rogn),ROS,,6,,,3
68,4261,Telemark,Kviteseid3,3KVUB,UB,5/21/19,ØH,Sorbus aucuparia (Rogn),ROS,,4,,,2
68,4261,Telemark,Kviteseid3,3KVUB,UB,5/21/19,ØH,Sorbus aucuparia (Rogn),ROS,,5,,,4
68,4262,Telemark,Kviteseid3,3KVUB,UB,5/21/19,ØV,Betula pubescens (Bjørk),Resten,,3,,,7
68,4262,Telemark,Kviteseid3,3KVUB,UB,5/21/19,ØV,Betula pubescens (Bjørk),Resten,,6,,,1
68,4262,Telemark,Kviteseid3,3KVUB,UB,5/21/19,ØV,Betula pubescens (Bjørk),Resten,,5,,,4
68,4262,Telemark,Kviteseid3,3KVUB,UB,5/21/19,ØV,Betula pubescens (Bjørk),Resten,,2,,,1
68,4262,Telemark,Kviteseid3,3KVUB,UB,5/21/19,ØV,Betula pubescens (Bjørk),Resten,,4,,,5
68,4262,Telemark,Kviteseid3,3KVUB,UB,5/21/19,ØV,Picea abies (Gran),Bad tree,,7,,,1
68,4262,Telemark,Kviteseid3,3KVUB,UB,5/21/19,ØV,Picea abies (Gran),Bad tree,,2,,,1
68,4262,Telemark,Kviteseid3,3KVUB,UB,5/21/19,ØV,Picea abies (Gran),Bad tree,,1,,,2
68,4262,Telemark,Kviteseid3,3KVUB,UB,5/21/19,ØV,Picea abies (Gran),Bad tree,,3,,,1
68,4262,Telemark,Kviteseid3,3KVUB,UB,5/21/19,ØV,Salix caprea (Selje),ROS,,1,,,1
68,4262,Telemark,Kviteseid3,3KVUB,UB,5/21/19,ØV,Sorbus aucuparia (Rogn),ROS,,6,,,3
68,4262,Telemark,Kviteseid3,3KVUB,UB,5/21/19,ØV,Sorbus aucuparia (Rogn),ROS,,1,,,4
68,4262,Telemark,Kviteseid3,3KVUB,UB,5/21/19,ØV,Sorbus aucuparia (Rogn),ROS,,5,,,2
68,4262,Telemark,Kviteseid3,3KVUB,UB,5/21/19,ØV,Sorbus aucuparia (Rogn),ROS,,4,,,1
61,4263,Telemark,Nome_Cappelen1,1CAB,B,5/30/19,NH,Picea abies (Gran),Bad tree,,1,,,3
61,4263,Telemark,Nome_Cappelen1,1CAB,B,5/30/19,NH,Picea abies (Gran),Bad tree,,2,,,1
61,4263,Telemark,Nome_Cappelen1,1CAB,B,5/30/19,NH,Pinus sylvestris (Furu),Resten,,1,,,3
61,4263,Telemark,Nome_Cappelen1,1CAB,B,5/30/19,NH,Pinus sylvestris (Furu),Resten,,6,,,1
61,4263,Telemark,Nome_Cappelen1,1CAB,B,5/30/19,NH,Pinus sylvestris (Furu),Resten,,2,,,5
61,4263,Telemark,Nome_Cappelen1,1CAB,B,5/30/19,NH,Pinus sylvestris (Furu),Resten,,3,,,2
61,4263,Telemark,Nome_Cappelen1,1CAB,B,5/30/19,NH,Pinus sylvestris (Furu),Resten,,7,,,1
61,4263,Telemark,Nome_Cappelen1,1CAB,B,5/30/19,NH,Sorbus aucuparia (Rogn),ROS,,2,,,4
61,4263,Telemark,Nome_Cappelen1,1CAB,B,5/30/19,NH,Sorbus aucuparia (Rogn),ROS,,1,,,2
61,4264,Telemark,Nome_Cappelen1,1CAB,B,5/30/19,NV,Picea abies (Gran),Bad tree,,1,,,1
61,4264,Telemark,Nome_Cappelen1,1CAB,B,5/30/19,NV,Pinus sylvestris (Furu),Resten,,1,,,18
61,4264,Telemark,Nome_Cappelen1,1CAB,B,5/30/19,NV,Pinus sylvestris (Furu),Resten,,3,,,6
61,4264,Telemark,Nome_Cappelen1,1CAB,B,5/30/19,NV,Pinus sylvestris (Furu),Resten,,4,,,1
61,4265,Telemark,Nome_Cappelen1,1CAB,B,5/30/19,ØH,Betula pubescens (Bjørk),Resten,,2,,,4
61,4265,Telemark,Nome_Cappelen1,1CAB,B,5/30/19,ØH,Betula pubescens (Bjørk),Resten,,3,,,1
61,4265,Telemark,Nome_Cappelen1,1CAB,B,5/30/19,ØH,Betula pubescens (Bjørk),Resten,,1,,,2
61,4265,Telemark,Nome_Cappelen1,1CAB,B,5/30/19,ØH,Picea abies (Gran),Bad tree,,2,,,1
61,4265,Telemark,Nome_Cappelen1,1CAB,B,5/30/19,ØH,Picea abies (Gran),Bad tree,,3,,,1
61,4265,Telemark,Nome_Cappelen1,1CAB,B,5/30/19,ØH,Pinus sylvestris (Furu),Resten,,5,,,1
61,4265,Telemark,Nome_Cappelen1,1CAB,B,5/30/19,ØH,Pinus sylvestris (Furu),Resten,,1,,,5
61,4265,Telemark,Nome_Cappelen1,1CAB,B,5/30/19,ØH,Pinus sylvestris (Furu),Resten,,3,,,1
61,4265,Telemark,Nome_Cappelen1,1CAB,B,5/30/19,ØH,Sorbus aucuparia (Rogn),ROS,,1,,,3
61,4266,Telemark,Nome_Cappelen1,1CAB,B,5/30/19,ØV,Picea abies (Gran),Bad tree,,1,,,2
61,4266,Telemark,Nome_Cappelen1,1CAB,B,5/30/19,ØV,Pinus sylvestris (Furu),Resten,,4,,,1
61,4266,Telemark,Nome_Cappelen1,1CAB,B,5/30/19,ØV,Pinus sylvestris (Furu),Resten,,2,,,1
61,4266,Telemark,Nome_Cappelen1,1CAB,B,5/30/19,ØV,Pinus sylvestris (Furu),Resten,,5,,,1
61,4266,Telemark,Nome_Cappelen1,1CAB,B,5/30/19,ØV,Pinus sylvestris (Furu),Resten,,1,,,1
61,4266,Telemark,Nome_Cappelen1,1CAB,B,5/30/19,ØV,Salix caprea (Selje),ROS,,3,,,1
62,4270,Telemark,Nome_Cappelen1,1CAUB,UB,5/28/19,ØV,Pinus sylvestris (Furu),Resten,,5,,,1
62,4270,Telemark,Nome_Cappelen1,1CAUB,UB,5/28/19,ØV,Pinus sylvestris (Furu),Resten,,1,,,4
62,4270,Telemark,Nome_Cappelen1,1CAUB,UB,5/28/19,ØV,Pinus sylvestris (Furu),Resten,,2,,,4
62,4267,Telemark,Nome_Cappelen1,1CAUB,UB,5/30/19,NH,Picea abies (Gran),Bad tree,,7,,,1
62,4267,Telemark,Nome_Cappelen1,1CAUB,UB,5/30/19,NH,Picea abies (Gran),Bad tree,,1,,,1
62,4267,Telemark,Nome_Cappelen1,1CAUB,UB,5/30/19,NH,Pinus sylvestris (Furu),Resten,,1,,,9
62,4268,Telemark,Nome_Cappelen1,1CAUB,UB,5/30/19,NV,Picea abies (Gran),Bad tree,,1,,,1
62,4268,Telemark,Nome_Cappelen1,1CAUB,UB,5/30/19,NV,Pinus sylvestris (Furu),Resten,,5,,,2
62,4268,Telemark,Nome_Cappelen1,1CAUB,UB,5/30/19,NV,Pinus sylvestris (Furu),Resten,,1,,,5
62,4268,Telemark,Nome_Cappelen1,1CAUB,UB,5/30/19,NV,Pinus sylvestris (Furu),Resten,,4,,,2
62,4268,Telemark,Nome_Cappelen1,1CAUB,UB,5/30/19,NV,Pinus sylvestris (Furu),Resten,,2,,,1
62,4269,Telemark,Nome_Cappelen1,1CAUB,UB,5/30/19,ØH,Betula pubescens (Bjørk),Resten,,2,,,1
62,4269,Telemark,Nome_Cappelen1,1CAUB,UB,5/30/19,ØH,Picea abies (Gran),Bad tree,,1,,,1
62,4269,Telemark,Nome_Cappelen1,1CAUB,UB,5/30/19,ØH,Pinus sylvestris (Furu),Resten,,1,,,7
62,4269,Telemark,Nome_Cappelen1,1CAUB,UB,5/30/19,ØH,Pinus sylvestris (Furu),Resten,,7,,,3
63,4271,Telemark,Nome_Cappelen2,2CAB,B,5/14/19,NH,Pinus sylvestris (Furu),Resten,,2,,,3
63,4271,Telemark,Nome_Cappelen2,2CAB,B,5/14/19,NH,Pinus sylvestris (Furu),Resten,,4,,,1
63,4271,Telemark,Nome_Cappelen2,2CAB,B,5/14/19,NH,Pinus sylvestris (Furu),Resten,,1,,,8
63,4272,Telemark,Nome_Cappelen2,2CAB,B,5/14/19,NV,Betula pubescens (Bjørk),Resten,,7,,,2
63,4272,Telemark,Nome_Cappelen2,2CAB,B,5/14/19,NV,Betula pubescens (Bjørk),Resten,,4,,,1
63,4272,Telemark,Nome_Cappelen2,2CAB,B,5/14/19,NV,Betula pubescens (Bjørk),Resten,,1,,,2
63,4272,Telemark,Nome_Cappelen2,2CAB,B,5/14/19,NV,Betula pubescens (Bjørk),Resten,,2,,,2
63,4272,Telemark,Nome_Cappelen2,2CAB,B,5/14/19,NV,Picea abies (Gran),Bad tree,,2,,,2
63,4272,Telemark,Nome_Cappelen2,2CAB,B,5/14/19,NV,Picea abies (Gran),Bad tree,,1,,,3
63,4272,Telemark,Nome_Cappelen2,2CAB,B,5/14/19,NV,Pinus sylvestris (Furu),Resten,,4,,,2
63,4272,Telemark,Nome_Cappelen2,2CAB,B,5/14/19,NV,Pinus sylvestris (Furu),Resten,,7,,,2
63,4272,Telemark,Nome_Cappelen2,2CAB,B,5/14/19,NV,Pinus sylvestris (Furu),Resten,,2,,,1
63,4272,Telemark,Nome_Cappelen2,2CAB,B,5/14/19,NV,Pinus sylvestris (Furu),Resten,,1,,,1
63,4272,Telemark,Nome_Cappelen2,2CAB,B,5/14/19,NV,Pinus sylvestris (Furu),Resten,,5,,,1
63,4272,Telemark,Nome_Cappelen2,2CAB,B,5/14/19,NV,Pinus sylvestris (Furu),Resten,,3,,,1
63,4273,Telemark,Nome_Cappelen2,2CAB,B,5/14/19,ØH,Betula pubescens (Bjørk),Resten,,1,,,1
63,4273,Telemark,Nome_Cappelen2,2CAB,B,5/14/19,ØH,Picea abies (Gran),Bad tree,,1,,,1
63,4273,Telemark,Nome_Cappelen2,2CAB,B,5/14/19,ØH,Pinus sylvestris (Furu),Resten,,1,,,2
63,4273,Telemark,Nome_Cappelen2,2CAB,B,5/14/19,ØH,Pinus sylvestris (Furu),Resten,,7,,,1
63,4273,Telemark,Nome_Cappelen2,2CAB,B,5/14/19,ØH,Populus tremula (Osp),ROS,,1,,,2
63,4274,Telemark,Nome_Cappelen2,2CAB,B,5/14/19,ØV,Betula pubescens (Bjørk),Resten,,3,,,1
63,4274,Telemark,Nome_Cappelen2,2CAB,B,5/14/19,ØV,Picea abies (Gran),Bad tree,,1,,,3
63,4274,Telemark,Nome_Cappelen2,2CAB,B,5/14/19,ØV,Pinus sylvestris (Furu),Resten,,5,,,2
63,4274,Telemark,Nome_Cappelen2,2CAB,B,5/14/19,ØV,Pinus sylvestris (Furu),Resten,,1,,,1
63,4274,Telemark,Nome_Cappelen2,2CAB,B,5/14/19,ØV,Pinus sylvestris (Furu),Resten,,3,,,1
63,4274,Telemark,Nome_Cappelen2,2CAB,B,5/14/19,ØV,Pinus sylvestris (Furu),Resten,,4,,,2
63,4274,Telemark,Nome_Cappelen2,2CAB,B,5/14/19,ØV,Pinus sylvestris (Furu),Resten,,2,,,3
64,4275,Telemark,Nome_Cappelen2,2CAUB,UB,5/14/19,NH,Betula pubescens (Bjørk),Resten,,2,,,1
64,4275,Telemark,Nome_Cappelen2,2CAUB,UB,5/14/19,NH,Betula pubescens (Bjørk),Resten,,5,,,2
64,4275,Telemark,Nome_Cappelen2,2CAUB,UB,5/14/19,NH,Betula pubescens (Bjørk),Resten,,6,,,1
64,4275,Telemark,Nome_Cappelen2,2CAUB,UB,5/14/19,NH,Picea abies (Gran),Bad tree,,1,,,3
64,4275,Telemark,Nome_Cappelen2,2CAUB,UB,5/14/19,NH,Picea abies (Gran),Bad tree,,2,,,1
64,4275,Telemark,Nome_Cappelen2,2CAUB,UB,5/14/19,NH,Pinus sylvestris (Furu),Resten,,2,,,2
64,4275,Telemark,Nome_Cappelen2,2CAUB,UB,5/14/19,NH,Pinus sylvestris (Furu),Resten,,7,,,1
64,4275,Telemark,Nome_Cappelen2,2CAUB,UB,5/14/19,NH,Pinus sylvestris (Furu),Resten,,6,,,1
64,4275,Telemark,Nome_Cappelen2,2CAUB,UB,5/14/19,NH,Pinus sylvestris (Furu),Resten,,5,,,1
64,4276,Telemark,Nome_Cappelen2,2CAUB,UB,5/14/19,NV,Betula pubescens (Bjørk),Resten,,2,,,2
64,4276,Telemark,Nome_Cappelen2,2CAUB,UB,5/14/19,NV,Betula pubescens (Bjørk),Resten,,5,,,1
64,4276,Telemark,Nome_Cappelen2,2CAUB,UB,5/14/19,NV,Pinus sylvestris (Furu),Resten,,7,,,2
64,4276,Telemark,Nome_Cappelen2,2CAUB,UB,5/14/19,NV,Pinus sylvestris (Furu),Resten,,5,,,1
64,4276,Telemark,Nome_Cappelen2,2CAUB,UB,5/14/19,NV,Pinus sylvestris (Furu),Resten,,2,,,2
64,4276,Telemark,Nome_Cappelen2,2CAUB,UB,5/14/19,NV,Pinus sylvestris (Furu),Resten,,6,,,1
64,4276,Telemark,Nome_Cappelen2,2CAUB,UB,5/14/19,NV,Sorbus aucuparia (Rogn),ROS,,3,,,1
64,4276,Telemark,Nome_Cappelen2,2CAUB,UB,5/14/19,NV,Sorbus aucuparia (Rogn),ROS,,5,,,1
64,4277,Telemark,Nome_Cappelen2,2CAUB,UB,5/14/19,ØH,Betula pubescens (Bjørk),Resten,,3,,,1
64,4277,Telemark,Nome_Cappelen2,2CAUB,UB,5/14/19,ØH,Betula pubescens (Bjørk),Resten,,2,,,1
64,4277,Telemark,Nome_Cappelen2,2CAUB,UB,5/14/19,ØH,Betula pubescens (Bjørk),Resten,,1,,,1
64,4277,Telemark,Nome_Cappelen2,2CAUB,UB,5/14/19,ØH,Betula pubescens (Bjørk),Resten,,7,,,5
64,4277,Telemark,Nome_Cappelen2,2CAUB,UB,5/14/19,ØH,Picea abies (Gran),Bad tree,,1,,,2
64,4277,Telemark,Nome_Cappelen2,2CAUB,UB,5/14/19,ØH,Pinus sylvestris (Furu),Resten,,4,,,1
64,4277,Telemark,Nome_Cappelen2,2CAUB,UB,5/14/19,ØH,Pinus sylvestris (Furu),Resten,,5,,,1
64,4277,Telemark,Nome_Cappelen2,2CAUB,UB,5/14/19,ØH,Pinus sylvestris (Furu),Resten,,3,,,1
64,4277,Telemark,Nome_Cappelen2,2CAUB,UB,5/14/19,ØH,Pinus sylvestris (Furu),Resten,,1,,,4
64,4277,Telemark,Nome_Cappelen2,2CAUB,UB,5/14/19,ØH,Populus tremula (Osp),ROS,,2,,,1
64,4278,Telemark,Nome_Cappelen2,2CAUB,UB,5/14/19,ØV,Betula pubescens (Bjørk),Resten,,2,,,1
64,4278,Telemark,Nome_Cappelen2,2CAUB,UB,5/14/19,ØV,Betula pubescens (Bjørk),Resten,,7,,,6
64,4278,Telemark,Nome_Cappelen2,2CAUB,UB,5/14/19,ØV,Betula pubescens (Bjørk),Resten,,3,,,1
64,4278,Telemark,Nome_Cappelen2,2CAUB,UB,5/14/19,ØV,Picea abies (Gran),Bad tree,,1,,,1
64,4278,Telemark,Nome_Cappelen2,2CAUB,UB,5/14/19,ØV,Picea abies (Gran),Bad tree,,2,,,2
64,4278,Telemark,Nome_Cappelen2,2CAUB,UB,5/14/19,ØV,Pinus sylvestris (Furu),Resten,,6,,,2
64,4278,Telemark,Nome_Cappelen2,2CAUB,UB,5/14/19,ØV,Pinus sylvestris (Furu),Resten,,7,,,4
64,4278,Telemark,Nome_Cappelen2,2CAUB,UB,5/14/19,ØV,Pinus sylvestris (Furu),Resten,,4,,,1
64,4278,Telemark,Nome_Cappelen2,2CAUB,UB,5/14/19,ØV,Pinus sylvestris (Furu),Resten,,2,,,2
75,4279,Telemark,Notodden1,1NOB,B,6/13/19,NH,Betula pubescens (Bjørk),Resten,,1,,,1
75,4279,Telemark,Notodden1,1NOB,B,6/13/19,NH,Betula pubescens (Bjørk),Resten,,3,,,1
75,4279,Telemark,Notodden1,1NOB,B,6/13/19,NH,Betula pubescens (Bjørk),Resten,,2,,,1
75,4279,Telemark,Notodden1,1NOB,B,6/13/19,NH,Pinus sylvestris (Furu),Resten,,5,,,1
75,4279,Telemark,Notodden1,1NOB,B,6/13/19,NH,Pinus sylvestris (Furu),Resten,,2,,,1
75,4279,Telemark,Notodden1,1NOB,B,6/13/19,NH,Pinus sylvestris (Furu),Resten,,3,,,2
75,4279,Telemark,Notodden1,1NOB,B,6/13/19,NH,Sorbus aucuparia (Rogn),ROS,,1,,,14
75,4280,Telemark,Notodden1,1NOB,B,6/13/19,NV,Betula pubescens (Bjørk),Resten,,2,,,2
75,4280,Telemark,Notodden1,1NOB,B,6/13/19,NV,Betula pubescens (Bjørk),Resten,,3,,,1
75,4280,Telemark,Notodden1,1NOB,B,6/13/19,NV,Betula pubescens (Bjørk),Resten,,1,,,1
75,4280,Telemark,Notodden1,1NOB,B,6/13/19,NV,Pinus sylvestris (Furu),Resten,,6,,,1
75,4280,Telemark,Notodden1,1NOB,B,6/13/19,NV,Sorbus aucuparia (Rogn),ROS,,1,,,4
75,4281,Telemark,Notodden1,1NOB,B,6/13/19,ØH,Betula pubescens (Bjørk),Resten,,2,,,1
75,4281,Telemark,Notodden1,1NOB,B,6/13/19,ØH,Betula pubescens (Bjørk),Resten,,4,,,1
75,4281,Telemark,Notodden1,1NOB,B,6/13/19,ØH,Betula pubescens (Bjørk),Resten,,3,,,4
75,4281,Telemark,Notodden1,1NOB,B,6/13/19,ØH,Pinus sylvestris (Furu),Resten,,4,,,1
75,4281,Telemark,Notodden1,1NOB,B,6/13/19,ØH,Sorbus aucuparia (Rogn),ROS,,1,,,10
75,4281,Telemark,Notodden1,1NOB,B,6/13/19,ØH,Sorbus aucuparia (Rogn),ROS,,2,,,3
75,4282,Telemark,Notodden1,1NOB,B,6/13/19,ØV,Betula pubescens (Bjørk),Resten,,2,,,2
75,4282,Telemark,Notodden1,1NOB,B,6/13/19,ØV,Betula pubescens (Bjørk),Resten,,1,,,4
75,4282,Telemark,Notodden1,1NOB,B,6/13/19,ØV,Betula pubescens (Bjørk),Resten,,3,,,1
75,4282,Telemark,Notodden1,1NOB,B,6/13/19,ØV,Picea abies (Gran),Bad tree,,1,,,3
75,4282,Telemark,Notodden1,1NOB,B,6/13/19,ØV,Picea abies (Gran),Bad tree,,2,,,1
75,4282,Telemark,Notodden1,1NOB,B,6/13/19,ØV,Pinus sylvestris (Furu),Resten,,3,,,1
75,4282,Telemark,Notodden1,1NOB,B,6/13/19,ØV,Pinus sylvestris (Furu),Resten,,1,,,1
75,4282,Telemark,Notodden1,1NOB,B,6/13/19,ØV,Pinus sylvestris (Furu),Resten,,6,,,2
75,4282,Telemark,Notodden1,1NOB,B,6/13/19,ØV,Pinus sylvestris (Furu),Resten,,4,,,2
75,4282,Telemark,Notodden1,1NOB,B,6/13/19,ØV,Pinus sylvestris (Furu),Resten,,7,,,2
75,4282,Telemark,Notodden1,1NOB,B,6/13/19,ØV,Salix caprea (Selje),ROS,,1,,,1
75,4282,Telemark,Notodden1,1NOB,B,6/13/19,ØV,Salix caprea (Selje),ROS,,2,,,1
75,4282,Telemark,Notodden1,1NOB,B,6/13/19,ØV,Sorbus aucuparia (Rogn),ROS,,1,,,2
76,4283,Telemark,Notodden1,1NOUB,UB,6/13/19,NH,Betula pubescens (Bjørk),Resten,,3,,,2
76,4283,Telemark,Notodden1,1NOUB,UB,6/13/19,NH,Betula pubescens (Bjørk),Resten,,2,,,3
76,4283,Telemark,Notodden1,1NOUB,UB,6/13/19,NH,Betula pubescens (Bjørk),Resten,,4,,,1
76,4283,Telemark,Notodden1,1NOUB,UB,6/13/19,NH,Pinus sylvestris (Furu),Resten,,7,,,2
76,4283,Telemark,Notodden1,1NOUB,UB,6/13/19,NH,Pinus sylvestris (Furu),Resten,,2,,,1
76,4283,Telemark,Notodden1,1NOUB,UB,6/13/19,NH,Pinus sylvestris (Furu),Resten,,4,,,1
76,4283,Telemark,Notodden1,1NOUB,UB,6/13/19,NH,Sorbus aucuparia (Rogn),ROS,,1,,,8
76,4283,Telemark,Notodden1,1NOUB,UB,6/13/19,NH,Sorbus aucuparia (Rogn),ROS,,4,,,1
76,4283,Telemark,Notodden1,1NOUB,UB,6/13/19,NH,Sorbus aucuparia (Rogn),ROS,,7,,,1
76,4283,Telemark,Notodden1,1NOUB,UB,6/13/19,NH,Sorbus aucuparia (Rogn),ROS,,3,,,8
76,4283,Telemark,Notodden1,1NOUB,UB,6/13/19,NH,Sorbus aucuparia (Rogn),ROS,,2,,,7
76,4284,Telemark,Notodden1,1NOUB,UB,6/13/19,NV,Betula pubescens (Bjørk),Resten,,4,,,3
76,4284,Telemark,Notodden1,1NOUB,UB,6/13/19,NV,Betula pubescens (Bjørk),Resten,,3,,,2
76,4284,Telemark,Notodden1,1NOUB,UB,6/13/19,NV,Betula pubescens (Bjørk),Resten,,2,,,3
76,4284,Telemark,Notodden1,1NOUB,UB,6/13/19,NV,Betula pubescens (Bjørk),Resten,,6,,,3
76,4284,Telemark,Notodden1,1NOUB,UB,6/13/19,NV,Betula pubescens (Bjørk),Resten,,5,,,3
76,4284,Telemark,Notodden1,1NOUB,UB,6/13/19,NV,Betula pubescens (Bjørk),Resten,,7,,,8
76,4284,Telemark,Notodden1,1NOUB,UB,6/13/19,NV,Betula pubescens (Bjørk),Resten,,1,,,1
76,4284,Telemark,Notodden1,1NOUB,UB,6/13/19,NV,Pinus sylvestris (Furu),Resten,,7,,,6
76,4284,Telemark,Notodden1,1NOUB,UB,6/13/19,NV,Sorbus aucuparia (Rogn),ROS,,7,,,2
76,4284,Telemark,Notodden1,1NOUB,UB,6/13/19,NV,Sorbus aucuparia (Rogn),ROS,,5,,,5
76,4284,Telemark,Notodden1,1NOUB,UB,6/13/19,NV,Sorbus aucuparia (Rogn),ROS,,1,,,1
76,4284,Telemark,Notodden1,1NOUB,UB,6/13/19,NV,Sorbus aucuparia (Rogn),ROS,,2,,,1
76,4284,Telemark,Notodden1,1NOUB,UB,6/13/19,NV,Sorbus aucuparia (Rogn),ROS,,6,,,3
76,4284,Telemark,Notodden1,1NOUB,UB,6/13/19,NV,Sorbus aucuparia (Rogn),ROS,,3,,,4
76,4284,Telemark,Notodden1,1NOUB,UB,6/13/19,NV,Sorbus aucuparia (Rogn),ROS,,4,,,1
76,4285,Telemark,Notodden1,1NOUB,UB,6/13/19,ØH,Picea abies (Gran),Bad tree,,2,,,1
76,4285,Telemark,Notodden1,1NOUB,UB,6/13/19,ØH,Picea abies (Gran),Bad tree,,1,,,2
76,4285,Telemark,Notodden1,1NOUB,UB,6/13/19,ØH,Pinus sylvestris (Furu),Resten,,5,,,2
76,4285,Telemark,Notodden1,1NOUB,UB,6/13/19,ØH,Pinus sylvestris (Furu),Resten,,1,,,3
76,4285,Telemark,Notodden1,1NOUB,UB,6/13/19,ØH,Pinus sylvestris (Furu),Resten,,3,,,2
76,4285,Telemark,Notodden1,1NOUB,UB,6/13/19,ØH,Pinus sylvestris (Furu),Resten,,4,,,2
76,4285,Telemark,Notodden1,1NOUB,UB,6/13/19,ØH,Sorbus aucuparia (Rogn),ROS,,1,,,11
76,4285,Telemark,Notodden1,1NOUB,UB,6/13/19,ØH,Sorbus aucuparia (Rogn),ROS,,2,,,2
76,4286,Telemark,Notodden1,1NOUB,UB,6/13/19,ØV,Picea abies (Gran),Bad tree,,1,,,1
76,4286,Telemark,Notodden1,1NOUB,UB,6/13/19,ØV,Pinus sylvestris (Furu),Resten,,6,,,2
76,4286,Telemark,Notodden1,1NOUB,UB,6/13/19,ØV,Pinus sylvestris (Furu),Resten,,1,,,2
76,4286,Telemark,Notodden1,1NOUB,UB,6/13/19,ØV,Pinus sylvestris (Furu),Resten,,5,,,1
76,4286,Telemark,Notodden1,1NOUB,UB,6/13/19,ØV,Sorbus aucuparia (Rogn),ROS,,4,,,2
76,4286,Telemark,Notodden1,1NOUB,UB,6/13/19,ØV,Sorbus aucuparia (Rogn),ROS,,3,,,6
76,4286,Telemark,Notodden1,1NOUB,UB,6/13/19,ØV,Sorbus aucuparia (Rogn),ROS,,1,,,8
76,4286,Telemark,Notodden1,1NOUB,UB,6/13/19,ØV,Sorbus aucuparia (Rogn),ROS,,2,,,10
77,4287,Telemark,Notodden3,3NOB,B,6/11/19,NH,Betula pubescens (Bjørk),Resten,,3,,,1
77,4287,Telemark,Notodden3,3NOB,B,6/11/19,NH,Picea abies (Gran),Bad tree,,2,,,1
77,4287,Telemark,Notodden3,3NOB,B,6/11/19,NH,Pinus sylvestris (Furu),Resten,,2,,,1
77,4287,Telemark,Notodden3,3NOB,B,6/11/19,NH,Pinus sylvestris (Furu),Resten,,7,,,1
77,4287,Telemark,Notodden3,3NOB,B,6/11/19,NH,Pinus sylvestris (Furu),Resten,,5,,,1
77,4287,Telemark,Notodden3,3NOB,B,6/11/19,NH,Sorbus aucuparia (Rogn),ROS,,1,,,4
77,4288,Telemark,Notodden3,3NOB,B,6/11/19,NV,Betula pubescens (Bjørk),Resten,,1,,,4
77,4288,Telemark,Notodden3,3NOB,B,6/11/19,NV,Picea abies (Gran),Bad tree,,1,,,1
77,4288,Telemark,Notodden3,3NOB,B,6/11/19,NV,Pinus sylvestris (Furu),Resten,,1,,,8
77,4288,Telemark,Notodden3,3NOB,B,6/11/19,NV,Pinus sylvestris (Furu),Resten,,3,,,5
77,4288,Telemark,Notodden3,3NOB,B,6/11/19,NV,Pinus sylvestris (Furu),Resten,,5,,,1
77,4288,Telemark,Notodden3,3NOB,B,6/11/19,NV,Pinus sylvestris (Furu),Resten,,4,,,1
77,4289,Telemark,Notodden3,3NOB,B,6/11/19,ØH,Betula pubescens (Bjørk),Resten,,2,,,1
77,4289,Telemark,Notodden3,3NOB,B,6/11/19,ØH,Picea abies (Gran),Bad tree,,1,,,1
77,4289,Telemark,Notodden3,3NOB,B,6/11/19,ØH,Pinus sylvestris (Furu),Resten,,2,,,1
77,4289,Telemark,Notodden3,3NOB,B,6/11/19,ØH,Pinus sylvestris (Furu),Resten,,7,,,4
77,4289,Telemark,Notodden3,3NOB,B,6/11/19,ØH,Pinus sylvestris (Furu),Resten,,5,,,3
77,4289,Telemark,Notodden3,3NOB,B,6/11/19,ØH,Pinus sylvestris (Furu),Resten,,4,,,1
77,4289,Telemark,Notodden3,3NOB,B,6/11/19,ØH,Pinus sylvestris (Furu),Resten,,3,,,1
77,4289,Telemark,Notodden3,3NOB,B,6/11/19,ØH,Sorbus aucuparia (Rogn),ROS,,1,,,2
77,4290,Telemark,Notodden3,3NOB,B,6/11/19,ØV,Betula pubescens (Bjørk),Resten,,2,,,1
77,4290,Telemark,Notodden3,3NOB,B,6/11/19,ØV,Betula pubescens (Bjørk),Resten,,1,,,1
77,4290,Telemark,Notodden3,3NOB,B,6/11/19,ØV,Picea abies (Gran),Bad tree,,2,,,2
77,4290,Telemark,Notodden3,3NOB,B,6/11/19,ØV,Picea abies (Gran),Bad tree,,1,,,1
77,4290,Telemark,Notodden3,3NOB,B,6/11/19,ØV,Pinus sylvestris (Furu),Resten,,5,,,2
77,4290,Telemark,Notodden3,3NOB,B,6/11/19,ØV,Pinus sylvestris (Furu),Resten,,4,,,2
77,4290,Telemark,Notodden3,3NOB,B,6/11/19,ØV,Pinus sylvestris (Furu),Resten,,2,,,1
78,4291,Telemark,Notodden3,3NOUB,UB,6/11/19,NH,Picea abies (Gran),Bad tree,,1,,,1
78,4291,Telemark,Notodden3,3NOUB,UB,6/11/19,NH,Pinus sylvestris (Furu),Resten,,7,,,2
78,4291,Telemark,Notodden3,3NOUB,UB,6/11/19,NH,Pinus sylvestris (Furu),Resten,,5,,,2
78,4291,Telemark,Notodden3,3NOUB,UB,6/11/19,NH,Pinus sylvestris (Furu),Resten,,3,,,1
78,4291,Telemark,Notodden3,3NOUB,UB,6/11/19,NH,Pinus sylvestris (Furu),Resten,,6,,,2
78,4291,Telemark,Notodden3,3NOUB,UB,6/11/19,NH,Sorbus aucuparia (Rogn),ROS,,1,,,1
78,4292,Telemark,Notodden3,3NOUB,UB,6/11/19,NV,Betula pubescens (Bjørk),Resten,,1,,,1
78,4292,Telemark,Notodden3,3NOUB,UB,6/11/19,NV,Betula pubescens (Bjørk),Resten,,2,,,1
78,4292,Telemark,Notodden3,3NOUB,UB,6/11/19,NV,Juniperus communis (Einer),Bad tree,,4,,,1
78,4292,Telemark,Notodden3,3NOUB,UB,6/11/19,NV,Sorbus aucuparia (Rogn),ROS,,6,,,1
78,4292,Telemark,Notodden3,3NOUB,UB,6/11/19,NV,Sorbus aucuparia (Rogn),ROS,,5,,,2
78,4292,Telemark,Notodden3,3NOUB,UB,6/11/19,NV,Sorbus aucuparia (Rogn),ROS,,4,,,3
78,4292,Telemark,Notodden3,3NOUB,UB,6/11/19,NV,Sorbus aucuparia (Rogn),ROS,,3,,,1
78,4292,Telemark,Notodden3,3NOUB,UB,6/11/19,NV,Sorbus aucuparia (Rogn),ROS,,2,,,2
78,4293,Telemark,Notodden3,3NOUB,UB,6/11/19,ØH,Betula pubescens (Bjørk),Resten,,3,,,1
78,4293,Telemark,Notodden3,3NOUB,UB,6/11/19,ØH,Betula pubescens (Bjørk),Resten,,1,,,1
78,4293,Telemark,Notodden3,3NOUB,UB,6/11/19,ØH,Picea abies (Gran),Bad tree,,3,,,1
78,4293,Telemark,Notodden3,3NOUB,UB,6/11/19,ØH,Pinus sylvestris (Furu),Resten,,7,,,1
78,4293,Telemark,Notodden3,3NOUB,UB,6/11/19,ØH,Pinus sylvestris (Furu),Resten,,4,,,1
78,4294,Telemark,Notodden3,3NOUB,UB,6/11/19,ØV,Betula pubescens (Bjørk),Resten,,5,,,1
78,4294,Telemark,Notodden3,3NOUB,UB,6/11/19,ØV,Betula pubescens (Bjørk),Resten,,1,,,2
78,4294,Telemark,Notodden3,3NOUB,UB,6/11/19,ØV,Juniperus communis (Einer),Bad tree,,2,,,4
78,4294,Telemark,Notodden3,3NOUB,UB,6/11/19,ØV,Picea abies (Gran),Bad tree,,1,,,3
78,4294,Telemark,Notodden3,3NOUB,UB,6/11/19,ØV,Pinus sylvestris (Furu),Resten,,3,,,1
78,4294,Telemark,Notodden3,3NOUB,UB,6/11/19,ØV,Pinus sylvestris (Furu),Resten,,7,,,1
78,4294,Telemark,Notodden3,3NOUB,UB,6/11/19,ØV,Pinus sylvestris (Furu),Resten,,1,,,5
78,4294,Telemark,Notodden3,3NOUB,UB,6/11/19,ØV,Sorbus aucuparia (Rogn),ROS,,2,,,1
78,4294,Telemark,Notodden3,3NOUB,UB,6/11/19,ØV,Sorbus aucuparia (Rogn),ROS,,3,,,1
78,4294,Telemark,Notodden3,3NOUB,UB,6/11/19,ØV,Sorbus aucuparia (Rogn),ROS,,1,,,1
79,4295,Telemark,Notodden4,4NOB,B,6/4/19,NH,Betula pubescens (Bjørk),Resten,,1,,,1
79,4295,Telemark,Notodden4,4NOB,B,6/4/19,NH,Betula pubescens (Bjørk),Resten,,2,,,1
79,4295,Telemark,Notodden4,4NOB,B,6/4/19,NH,Pinus sylvestris (Furu),Resten,,1,,,3
79,4295,Telemark,Notodden4,4NOB,B,6/4/19,NH,Pinus sylvestris (Furu),Resten,,2,,,3
79,4295,Telemark,Notodden4,4NOB,B,6/4/19,NH,Sorbus aucuparia (Rogn),ROS,,1,,,1
79,4296,Telemark,Notodden4,4NOB,B,6/4/19,NV,Betula pubescens (Bjørk),Resten,,1,,,9
79,4296,Telemark,Notodden4,4NOB,B,6/4/19,NV,Betula pubescens (Bjørk),Resten,,2,,,12
79,4296,Telemark,Notodden4,4NOB,B,6/4/19,NV,Picea abies (Gran),Bad tree,,2,,,2
79,4296,Telemark,Notodden4,4NOB,B,6/4/19,NV,Pinus sylvestris (Furu),Resten,,4,,,4
79,4296,Telemark,Notodden4,4NOB,B,6/4/19,NV,Pinus sylvestris (Furu),Resten,,2,,,3
79,4296,Telemark,Notodden4,4NOB,B,6/4/19,NV,Pinus sylvestris (Furu),Resten,,3,,,3
79,4296,Telemark,Notodden4,4NOB,B,6/4/19,NV,Pinus sylvestris (Furu),Resten,,1,,,1
79,4296,Telemark,Notodden4,4NOB,B,6/4/19,NV,Salix caprea (Selje),ROS,,1,,,5
79,4296,Telemark,Notodden4,4NOB,B,6/4/19,NV,Sorbus aucuparia (Rogn),ROS,,2,,,4
79,4296,Telemark,Notodden4,4NOB,B,6/4/19,NV,Sorbus aucuparia (Rogn),ROS,,1,,,3
79,4297,Telemark,Notodden4,4NOB,B,6/4/19,ØH,Betula pubescens (Bjørk),Resten,,2,,,4
79,4297,Telemark,Notodden4,4NOB,B,6/4/19,ØH,Betula pubescens (Bjørk),Resten,,1,,,5
79,4297,Telemark,Notodden4,4NOB,B,6/4/19,ØH,Picea abies (Gran),Bad tree,,3,,,1
79,4297,Telemark,Notodden4,4NOB,B,6/4/19,ØH,Pinus sylvestris (Furu),Resten,,1,,,3
79,4297,Telemark,Notodden4,4NOB,B,6/4/19,ØH,Pinus sylvestris (Furu),Resten,,3,,,1
79,4297,Telemark,Notodden4,4NOB,B,6/4/19,ØH,Pinus sylvestris (Furu),Resten,,2,,,3
79,4298,Telemark,Notodden4,4NOB,B,6/4/19,ØV,Betula pubescens (Bjørk),Resten,,1,,,3
79,4298,Telemark,Notodden4,4NOB,B,6/4/19,ØV,Picea abies (Gran),Bad tree,,5,,,2
79,4298,Telemark,Notodden4,4NOB,B,6/4/19,ØV,Picea abies (Gran),Bad tree,,7,,,1
79,4298,Telemark,Notodden4,4NOB,B,6/4/19,ØV,Pinus sylvestris (Furu),Resten,,2,,,1
79,4298,Telemark,Notodden4,4NOB,B,6/4/19,ØV,Pinus sylvestris (Furu),Resten,,1,,,4
80,4299,Telemark,Notodden4,4NOUB,UB,6/4/19,NH,Betula pubescens (Bjørk),Resten,,1,,,7
80,4299,Telemark,Notodden4,4NOUB,UB,6/4/19,NH,Betula pubescens (Bjørk),Resten,,2,,,2
80,4299,Telemark,Notodden4,4NOUB,UB,6/4/19,NH,Picea abies (Gran),Bad tree,,2,,,13
80,4299,Telemark,Notodden4,4NOUB,UB,6/4/19,NH,Picea abies (Gran),Bad tree,,1,,,7
80,4299,Telemark,Notodden4,4NOUB,UB,6/4/19,NH,Pinus sylvestris (Furu),Resten,,5,,,1
80,4299,Telemark,Notodden4,4NOUB,UB,6/4/19,NH,Pinus sylvestris (Furu),Resten,,1,,,1
80,4299,Telemark,Notodden4,4NOUB,UB,6/4/19,NH,Pinus sylvestris (Furu),Resten,,2,,,1
80,4299,Telemark,Notodden4,4NOUB,UB,6/4/19,NH,Pinus sylvestris (Furu),Resten,,7,,,4
80,4299,Telemark,Notodden4,4NOUB,UB,6/4/19,NH,Pinus sylvestris (Furu),Resten,,3,,,4
80,4299,Telemark,Notodden4,4NOUB,UB,6/4/19,NH,Sorbus aucuparia (Rogn),ROS,,2,,,4
80,4299,Telemark,Notodden4,4NOUB,UB,6/4/19,NH,Sorbus aucuparia (Rogn),ROS,,1,,,3
80,4300,Telemark,Notodden4,4NOUB,UB,6/4/19,NV,Betula pubescens (Bjørk),Resten,,7,,,1
80,4300,Telemark,Notodden4,4NOUB,UB,6/4/19,NV,Betula pubescens (Bjørk),Resten,,2,,,2
80,4300,Telemark,Notodden4,4NOUB,UB,6/4/19,NV,Betula pubescens (Bjørk),Resten,,5,,,1
80,4300,Telemark,Notodden4,4NOUB,UB,6/4/19,NV,Betula pubescens (Bjørk),Resten,,3,,,1
80,4300,Telemark,Notodden4,4NOUB,UB,6/4/19,NV,Picea abies (Gran),Bad tree,,1,,,1
80,4300,Telemark,Notodden4,4NOUB,UB,6/4/19,NV,Pinus sylvestris (Furu),Resten,,4,,,2
80,4300,Telemark,Notodden4,4NOUB,UB,6/4/19,NV,Pinus sylvestris (Furu),Resten,,2,,,3
80,4300,Telemark,Notodden4,4NOUB,UB,6/4/19,NV,Pinus sylvestris (Furu),Resten,,7,,,1
80,4300,Telemark,Notodden4,4NOUB,UB,6/4/19,NV,Sorbus aucuparia (Rogn),ROS,,5,,,1
80,4300,Telemark,Notodden4,4NOUB,UB,6/4/19,NV,Sorbus aucuparia (Rogn),ROS,,1,,,1
80,4300,Telemark,Notodden4,4NOUB,UB,6/4/19,NV,Sorbus aucuparia (Rogn),ROS,,4,,,1
80,4300,Telemark,Notodden4,4NOUB,UB,6/4/19,NV,Sorbus aucuparia (Rogn),ROS,,6,,,2
80,4301,Telemark,Notodden4,4NOUB,UB,6/4/19,ØH,Betula pubescens (Bjørk),Resten,,7,,,1
80,4301,Telemark,Notodden4,4NOUB,UB,6/4/19,ØH,Betula pubescens (Bjørk),Resten,,1,,,3
80,4301,Telemark,Notodden4,4NOUB,UB,6/4/19,ØH,Betula pubescens (Bjørk),Resten,,5,,,1
80,4301,Telemark,Notodden4,4NOUB,UB,6/4/19,ØH,Betula pubescens (Bjørk),Resten,,2,,,2
80,4301,Telemark,Notodden4,4NOUB,UB,6/4/19,ØH,Picea abies (Gran),Bad tree,,1,,,1
80,4301,Telemark,Notodden4,4NOUB,UB,6/4/19,ØH,Picea abies (Gran),Bad tree,,7,,,2
80,4301,Telemark,Notodden4,4NOUB,UB,6/4/19,ØH,Pinus sylvestris (Furu),Resten,,1,,,4
80,4301,Telemark,Notodden4,4NOUB,UB,6/4/19,ØH,Pinus sylvestris (Furu),Resten,,2,,,1
80,4301,Telemark,Notodden4,4NOUB,UB,6/4/19,ØH,Sorbus aucuparia (Rogn),ROS,,1,,,1
80,4301,Telemark,Notodden4,4NOUB,UB,6/4/19,ØH,Sorbus aucuparia (Rogn),ROS,,4,,,1
80,4301,Telemark,Notodden4,4NOUB,UB,6/4/19,ØH,Sorbus aucuparia (Rogn),ROS,,2,,,1
80,4302,Telemark,Notodden4,4NOUB,UB,6/4/19,ØV,Betula pubescens (Bjørk),Resten,,4,,,1
80,4302,Telemark,Notodden4,4NOUB,UB,6/4/19,ØV,Betula pubescens (Bjørk),Resten,,5,,,1
80,4302,Telemark,Notodden4,4NOUB,UB,6/4/19,ØV,Betula pubescens (Bjørk),Resten,,7,,,3
80,4302,Telemark,Notodden4,4NOUB,UB,6/4/19,ØV,Betula pubescens (Bjørk),Resten,,6,,,3
80,4302,Telemark,Notodden4,4NOUB,UB,6/4/19,ØV,Betula pubescens (Bjørk),Resten,,2,,,1
80,4302,Telemark,Notodden4,4NOUB,UB,6/4/19,ØV,Betula pubescens (Bjørk),Resten,,1,,,1
80,4302,Telemark,Notodden4,4NOUB,UB,6/4/19,ØV,Picea abies (Gran),Bad tree,,2,,,2
80,4302,Telemark,Notodden4,4NOUB,UB,6/4/19,ØV,Pinus sylvestris (Furu),Resten,,4,,,1
80,4302,Telemark,Notodden4,4NOUB,UB,6/4/19,ØV,Pinus sylvestris (Furu),Resten,,3,,,2
80,4302,Telemark,Notodden4,4NOUB,UB,6/4/19,ØV,Pinus sylvestris (Furu),Resten,,1,,,1
80,4302,Telemark,Notodden4,4NOUB,UB,6/4/19,ØV,Pinus sylvestris (Furu),Resten,,2,,,1
80,4302,Telemark,Notodden4,4NOUB,UB,6/4/19,ØV,Salix caprea (Selje),ROS,,7,,,1
80,4302,Telemark,Notodden4,4NOUB,UB,6/4/19,ØV,Sorbus aucuparia (Rogn),ROS,,5,,,1
81,4176,Telemark,Notodden5,5NOB,B,6/7/19,NH,Picea abies (Gran),Bad tree,,4,,,1
81,4176,Telemark,Notodden5,5NOB,B,6/7/19,NH,Picea abies (Gran),Bad tree,,1,,,4
81,4176,Telemark,Notodden5,5NOB,B,6/7/19,NH,Picea abies (Gran),Bad tree,,3,,,2
81,4176,Telemark,Notodden5,5NOB,B,6/7/19,NH,Picea abies (Gran),Bad tree,,5,,,1
81,4176,Telemark,Notodden5,5NOB,B,6/7/19,NH,Picea abies (Gran),Bad tree,,2,,,7
81,4176,Telemark,Notodden5,5NOB,B,6/7/19,NH,Sorbus aucuparia (Rogn),ROS,,3,,,2
81,4176,Telemark,Notodden5,5NOB,B,6/7/19,NH,Sorbus aucuparia (Rogn),ROS,,2,,,5
81,4176,Telemark,Notodden5,5NOB,B,6/7/19,NH,Sorbus aucuparia (Rogn),ROS,,1,,,3
81,4176,Telemark,Notodden5,5NOB,B,6/7/19,NH,Sorbus aucuparia (Rogn),ROS,,4,,,1
81,4178,Telemark,Notodden5,5NOB,B,6/7/19,ØH,Betula pendula (Lavlandbjørk),Resten,,5,,,1
81,4178,Telemark,Notodden5,5NOB,B,6/7/19,ØH,Picea abies (Gran),Bad tree,,2,,,39
81,4178,Telemark,Notodden5,5NOB,B,6/7/19,ØH,Picea abies (Gran),Bad tree,,3,,,3
81,4178,Telemark,Notodden5,5NOB,B,6/7/19,ØH,Picea abies (Gran),Bad tree,,1,,,54
81,4178,Telemark,Notodden5,5NOB,B,6/7/19,ØH,Pinus sylvestris (Furu),Resten,,4,,,2
81,4178,Telemark,Notodden5,5NOB,B,6/7/19,ØH,Sorbus aucuparia (Rogn),ROS,,3,,,1
81,4178,Telemark,Notodden5,5NOB,B,6/7/19,ØH,Sorbus aucuparia (Rogn),ROS,,2,,,5
81,4177,Telemark,Notodden5,5NOB,B,6/7/19,ØV,Betula pubescens (Bjørk),Resten,,5,,,1
81,4177,Telemark,Notodden5,5NOB,B,6/7/19,ØV,Betula pubescens (Bjørk),Resten,,2,,,2
81,4177,Telemark,Notodden5,5NOB,B,6/7/19,ØV,Picea abies (Gran),Bad tree,,3,,,2
81,4177,Telemark,Notodden5,5NOB,B,6/7/19,ØV,Picea abies (Gran),Bad tree,,2,,,14
81,4177,Telemark,Notodden5,5NOB,B,6/7/19,ØV,Picea abies (Gran),Bad tree,,1,,,25
81,4177,Telemark,Notodden5,5NOB,B,6/7/19,ØV,Sorbus aucuparia (Rogn),ROS,,4,,,2
81,4177,Telemark,Notodden5,5NOB,B,6/7/19,ØV,Sorbus aucuparia (Rogn),ROS,,2,,,15
81,4177,Telemark,Notodden5,5NOB,B,6/7/19,ØV,Sorbus aucuparia (Rogn),ROS,,3,,,10
81,4177,Telemark,Notodden5,5NOB,B,6/7/19,ØV,Sorbus aucuparia (Rogn),ROS,,1,,,5
81,4175,Telemark,Notodden5,5NOB,B,9/7/19,NV,Betula pubescens (Bjørk),Resten,,5,,,1
81,4175,Telemark,Notodden5,5NOB,B,9/7/19,NV,Picea abies (Gran),Bad tree,,4,,,1
81,4175,Telemark,Notodden5,5NOB,B,9/7/19,NV,Picea abies (Gran),Bad tree,,3,,,7
81,4175,Telemark,Notodden5,5NOB,B,9/7/19,NV,Picea abies (Gran),Bad tree,,1,,,40
81,4175,Telemark,Notodden5,5NOB,B,9/7/19,NV,Picea abies (Gran),Bad tree,,2,,,25
81,4175,Telemark,Notodden5,5NOB,B,9/7/19,NV,Pinus sylvestris (Furu),Resten,,2,,,1
81,4175,Telemark,Notodden5,5NOB,B,9/7/19,NV,Pinus sylvestris (Furu),Resten,,3,,,1
81,4175,Telemark,Notodden5,5NOB,B,9/7/19,NV,Sorbus aucuparia (Rogn),ROS,,3,,,2
81,4175,Telemark,Notodden5,5NOB,B,9/7/19,NV,Sorbus aucuparia (Rogn),ROS,,1,,,4
81,4175,Telemark,Notodden5,5NOB,B,9/7/19,NV,Sorbus aucuparia (Rogn),ROS,,2,,,4
81,4175,Telemark,Notodden5,5NOB,B,9/7/19,NV,Sorbus aucuparia (Rogn),ROS,,4,,,1
82,4180,Telemark,Notodden5,5NOUB,UB,6/7/19,NH,Betula pubescens (Bjørk),Resten,,1,,,1
82,4180,Telemark,Notodden5,5NOUB,UB,6/7/19,NH,Betula pubescens (Bjørk),Resten,,2,,,4
82,4180,Telemark,Notodden5,5NOUB,UB,6/7/19,NH,Betula pubescens (Bjørk),Resten,,5,,,1
82,4180,Telemark,Notodden5,5NOUB,UB,6/7/19,NH,Betula pubescens (Bjørk),Resten,,3,,,4
82,4180,Telemark,Notodden5,5NOUB,UB,6/7/19,NH,Betula pubescens (Bjørk),Resten,,7,,,1
82,4180,Telemark,Notodden5,5NOUB,UB,6/7/19,NH,Picea abies (Gran),Bad tree,,1,,,41
82,4180,Telemark,Notodden5,5NOUB,UB,6/7/19,NH,Picea abies (Gran),Bad tree,,3,,,9
82,4180,Telemark,Notodden5,5NOUB,UB,6/7/19,NH,Picea abies (Gran),Bad tree,,4,,,1
82,4180,Telemark,Notodden5,5NOUB,UB,6/7/19,NH,Picea abies (Gran),Bad tree,,2,,,24
82,4180,Telemark,Notodden5,5NOUB,UB,6/7/19,NH,Sorbus aucuparia (Rogn),ROS,,2,,,6
82,4180,Telemark,Notodden5,5NOUB,UB,6/7/19,NH,Sorbus aucuparia (Rogn),ROS,,4,,,2
82,4180,Telemark,Notodden5,5NOUB,UB,6/7/19,NH,Sorbus aucuparia (Rogn),ROS,,5,,,2
82,4180,Telemark,Notodden5,5NOUB,UB,6/7/19,NH,Sorbus aucuparia (Rogn),ROS,,3,,,3
82,4180,Telemark,Notodden5,5NOUB,UB,6/7/19,NH,Sorbus aucuparia (Rogn),ROS,,1,,,6
82,4179,Telemark,Notodden5,5NOUB,UB,6/7/19,NV,Betula pubescens (Bjørk),Resten,,2,,,3
82,4179,Telemark,Notodden5,5NOUB,UB,6/7/19,NV,Betula pubescens (Bjørk),Resten,,1,,,3
82,4179,Telemark,Notodden5,5NOUB,UB,6/7/19,NV,Betula pubescens (Bjørk),Resten,,3,,,1
82,4179,Telemark,Notodden5,5NOUB,UB,6/7/19,NV,Picea abies (Gran),Bad tree,,1,,,89
82,4179,Telemark,Notodden5,5NOUB,UB,6/7/19,NV,Picea abies (Gran),Bad tree,,2,,,22
82,4179,Telemark,Notodden5,5NOUB,UB,6/7/19,NV,Picea abies (Gran),Bad tree,,3,,,2
82,4179,Telemark,Notodden5,5NOUB,UB,6/7/19,NV,Sorbus aucuparia (Rogn),ROS,,7,,,3
82,4179,Telemark,Notodden5,5NOUB,UB,6/7/19,NV,Sorbus aucuparia (Rogn),ROS,,5,,,2
82,4179,Telemark,Notodden5,5NOUB,UB,6/7/19,NV,Sorbus aucuparia (Rogn),ROS,,4,,,1
82,4179,Telemark,Notodden5,5NOUB,UB,6/7/19,NV,Sorbus aucuparia (Rogn),ROS,,1,,,7
82,4179,Telemark,Notodden5,5NOUB,UB,6/7/19,NV,Sorbus aucuparia (Rogn),ROS,,3,,,3
82,4179,Telemark,Notodden5,5NOUB,UB,6/7/19,NV,Sorbus aucuparia (Rogn),ROS,,2,,,3
82,4182,Telemark,Notodden5,5NOUB,UB,6/7/19,ØH,Betula pubescens (Bjørk),Resten,,4,,,1
82,4182,Telemark,Notodden5,5NOUB,UB,6/7/19,ØH,Betula pubescens (Bjørk),Resten,,1,,,3
82,4182,Telemark,Notodden5,5NOUB,UB,6/7/19,ØH,Betula pubescens (Bjørk),Resten,,2,,,2
82,4182,Telemark,Notodden5,5NOUB,UB,6/7/19,ØH,Picea abies (Gran),Bad tree,,2,,,9
82,4182,Telemark,Notodden5,5NOUB,UB,6/7/19,ØH,Picea abies (Gran),Bad tree,,1,,,182
82,4182,Telemark,Notodden5,5NOUB,UB,6/7/19,ØH,Pinus sylvestris (Furu),Resten,,2,,,3
82,4182,Telemark,Notodden5,5NOUB,UB,6/7/19,ØH,Sorbus aucuparia (Rogn),ROS,,1,,,5
82,4182,Telemark,Notodden5,5NOUB,UB,6/7/19,ØH,Sorbus aucuparia (Rogn),ROS,,2,,,2
82,4181,Telemark,Notodden5,5NOUB,UB,6/7/19,ØV,Betula pubescens (Bjørk),Resten,,2,,,2
82,4181,Telemark,Notodden5,5NOUB,UB,6/7/19,ØV,Betula pubescens (Bjørk),Resten,,1,,,4
82,4181,Telemark,Notodden5,5NOUB,UB,6/7/19,ØV,Picea abies (Gran),Bad tree,,1,,,117
82,4181,Telemark,Notodden5,5NOUB,UB,6/7/19,ØV,Picea abies (Gran),Bad tree,,2,,,3
82,4181,Telemark,Notodden5,5NOUB,UB,6/7/19,ØV,Pinus sylvestris (Furu),Resten,,4,,,1
82,4181,Telemark,Notodden5,5NOUB,UB,6/7/19,ØV,Pinus sylvestris (Furu),Resten,,1,,,1
82,4181,Telemark,Notodden5,5NOUB,UB,6/7/19,ØV,Pinus sylvestris (Furu),Resten,,2,,,3
82,4181,Telemark,Notodden5,5NOUB,UB,6/7/19,ØV,Pinus sylvestris (Furu),Resten,,3,,,4
82,4181,Telemark,Notodden5,5NOUB,UB,6/7/19,ØV,Sorbus aucuparia (Rogn),ROS,,1,,,3
83,4183,Telemark,Notodden6,6NOB,B,6/11/19,NH,Betula pubescens (Bjørk),Resten,,2,,,1
83,4183,Telemark,Notodden6,6NOB,B,6/11/19,NH,Picea abies (Gran),Bad tree,,1,,,2
83,4183,Telemark,Notodden6,6NOB,B,6/11/19,NH,Picea abies (Gran),Bad tree,,4,,,1
83,4183,Telemark,Notodden6,6NOB,B,6/11/19,NH,Pinus sylvestris (Furu),Resten,,5,,,2
83,4183,Telemark,Notodden6,6NOB,B,6/11/19,NH,Pinus sylvestris (Furu),Resten,,6,,,1
83,4183,Telemark,Notodden6,6NOB,B,6/11/19,NH,Pinus sylvestris (Furu),Resten,,7,,,1
83,4183,Telemark,Notodden6,6NOB,B,6/11/19,NH,Sorbus aucuparia (Rogn),ROS,,2,,,1
83,4184,Telemark,Notodden6,6NOB,B,6/11/19,NV,Picea abies (Gran),Bad tree,,1,,,1
83,4184,Telemark,Notodden6,6NOB,B,6/11/19,NV,Picea abies (Gran),Bad tree,,2,,,1
83,4184,Telemark,Notodden6,6NOB,B,6/11/19,NV,Pinus sylvestris (Furu),Resten,,6,,,2
83,4184,Telemark,Notodden6,6NOB,B,6/11/19,NV,Pinus sylvestris (Furu),Resten,,7,,,1
83,4184,Telemark,Notodden6,6NOB,B,6/11/19,NV,Pinus sylvestris (Furu),Resten,,1,,,2
83,4184,Telemark,Notodden6,6NOB,B,6/11/19,NV,Sorbus aucuparia (Rogn),ROS,,2,,,1
83,4185,Telemark,Notodden6,6NOB,B,6/11/19,ØH,Betula pubescens (Bjørk),Resten,,3,,,1
83,4185,Telemark,Notodden6,6NOB,B,6/11/19,ØH,Betula pubescens (Bjørk),Resten,,4,,,1
83,4185,Telemark,Notodden6,6NOB,B,6/11/19,ØH,Betula pubescens (Bjørk),Resten,,1,,,1
83,4185,Telemark,Notodden6,6NOB,B,6/11/19,ØH,Picea abies (Gran),Bad tree,,1,,,1
83,4185,Telemark,Notodden6,6NOB,B,6/11/19,ØH,Pinus sylvestris (Furu),Resten,,4,,,1
83,4185,Telemark,Notodden6,6NOB,B,6/11/19,ØH,Pinus sylvestris (Furu),Resten,,5,,,2
83,4185,Telemark,Notodden6,6NOB,B,6/11/19,ØH,Pinus sylvestris (Furu),Resten,,6,,,2
83,4185,Telemark,Notodden6,6NOB,B,6/11/19,ØH,Pinus sylvestris (Furu),Resten,,3,,,3
83,4185,Telemark,Notodden6,6NOB,B,6/11/19,ØH,Pinus sylvestris (Furu),Resten,,2,,,2
83,4186,Telemark,Notodden6,6NOB,B,6/11/19,ØV,Betula pubescens (Bjørk),Resten,,1,,,2
83,4186,Telemark,Notodden6,6NOB,B,6/11/19,ØV,Betula pubescens (Bjørk),Resten,,2,,,3
83,4186,Telemark,Notodden6,6NOB,B,6/11/19,ØV,Pinus sylvestris (Furu),Resten,,5,,,1
83,4186,Telemark,Notodden6,6NOB,B,6/11/19,ØV,Pinus sylvestris (Furu),Resten,,7,,,1
83,4186,Telemark,Notodden6,6NOB,B,6/11/19,ØV,Pinus sylvestris (Furu),Resten,,2,,,3
83,4186,Telemark,Notodden6,6NOB,B,6/11/19,ØV,Pinus sylvestris (Furu),Resten,,1,,,2
83,4186,Telemark,Notodden6,6NOB,B,6/11/19,ØV,Pinus sylvestris (Furu),Resten,,3,,,1
84,4188,Telemark,Notodden6,6NOUB,UB,6/11/19,NH,Betula pubescens (Bjørk),Resten,,1,,,1
84,4188,Telemark,Notodden6,6NOUB,UB,6/11/19,NH,Betula pubescens (Bjørk),Resten,,2,,,3
84,4188,Telemark,Notodden6,6NOUB,UB,6/11/19,NH,Betula pubescens (Bjørk),Resten,,4,,,1
84,4188,Telemark,Notodden6,6NOUB,UB,6/11/19,NH,Picea abies (Gran),Bad tree,,1,,,1
84,4188,Telemark,Notodden6,6NOUB,UB,6/11/19,NH,Pinus sylvestris (Furu),Resten,,3,,,2
84,4188,Telemark,Notodden6,6NOUB,UB,6/11/19,NH,Pinus sylvestris (Furu),Resten,,7,,,2
84,4188,Telemark,Notodden6,6NOUB,UB,6/11/19,NH,Pinus sylvestris (Furu),Resten,,2,,,2
84,4188,Telemark,Notodden6,6NOUB,UB,6/11/19,NH,Pinus sylvestris (Furu),Resten,,6,,,1
84,4187,Telemark,Notodden6,6NOUB,UB,6/11/19,NV,Betula pubescens (Bjørk),Resten,,1,,,1
84,4187,Telemark,Notodden6,6NOUB,UB,6/11/19,NV,Pinus sylvestris (Furu),Resten,,3,,,1
84,4187,Telemark,Notodden6,6NOUB,UB,6/11/19,NV,Pinus sylvestris (Furu),Resten,,4,,,1
84,4190,Telemark,Notodden6,6NOUB,UB,6/11/19,ØH,Betula pubescens (Bjørk),Resten,,7,,,2
84,4190,Telemark,Notodden6,6NOUB,UB,6/11/19,ØH,Pinus sylvestris (Furu),Resten,,1,,,1
84,4190,Telemark,Notodden6,6NOUB,UB,6/11/19,ØH,Pinus sylvestris (Furu),Resten,,6,,,1
84,4190,Telemark,Notodden6,6NOUB,UB,6/11/19,ØH,Pinus sylvestris (Furu),Resten,,3,,,1
84,4190,Telemark,Notodden6,6NOUB,UB,6/11/19,ØH,Pinus sylvestris (Furu),Resten,,2,,,1
84,4190,Telemark,Notodden6,6NOUB,UB,6/11/19,ØH,Sorbus aucuparia (Rogn),ROS,,4,,,2
84,4190,Telemark,Notodden6,6NOUB,UB,6/11/19,ØH,Sorbus aucuparia (Rogn),ROS,,5,,,1
84,4189,Telemark,Notodden6,6NOUB,UB,6/11/19,ØV,Betula pubescens (Bjørk),Resten,,1,,,2
84,4189,Telemark,Notodden6,6NOUB,UB,6/11/19,ØV,Betula pubescens (Bjørk),Resten,,3,,,1
84,4189,Telemark,Notodden6,6NOUB,UB,6/11/19,ØV,Betula pubescens (Bjørk),Resten,,5,,,1
84,4189,Telemark,Notodden6,6NOUB,UB,6/11/19,ØV,Picea abies (Gran),Bad tree,,2,,,1
84,4189,Telemark,Notodden6,6NOUB,UB,6/11/19,ØV,Pinus sylvestris (Furu),Resten,,6,,,1
84,4189,Telemark,Notodden6,6NOUB,UB,6/11/19,ØV,Pinus sylvestris (Furu),Resten,,7,,,3
84,4189,Telemark,Notodden6,6NOUB,UB,6/11/19,ØV,Pinus sylvestris (Furu),Resten,,3,,,1
84,4189,Telemark,Notodden6,6NOUB,UB,6/11/19,ØV,Sorbus aucuparia (Rogn),ROS,,4,,,1